región,división,distrito,cedis,ruta_sap,cliente_id,nombre_cliente,categoría,%_venta_digital,venta_digital
NORESTE,DIV MONTERREY,4210,150 SAN NICOLAS DE LOS GARZA,RT001,200000018,Abarrotes El Progreso 72,non digital,0 %,$0
NORESTE,DIV MONTERREY,4210,150 SAN NICOLAS DE LOS GARZA,RT001,200000324,Minisuper La Esperanza 85,non digital,0 %,$0
NORESTE,DIV MONTERREY,4210,150 SAN NICOLAS DE LOS GARZA,RT001,200000612,Depósito La Fortuna 88,non digital,0 %,$0
NORESTE,DIV MONTERREY,4210,150 SAN NICOLAS DE LOS GARZA,RT001,200000613,Depósito La Victoria 37,non digital,0 %,$0
NORESTE,DIV MONTERREY,4210,150 SAN NICOLAS DE LOS GARZA,RT001,200000616,Mercadito Santa Cruz 42,non digital,0 %,$0
NORESTE,DIV MONTERREY,4210,150 SAN NICOLAS DE LOS GARZA,RT001,200000803,Bodega El Sol 95,non digital,0 %,$0
NORESTE,DIV MONTERREY,4210,150 SAN NICOLAS DE LOS GARZA,RT001,200001607,Frutería Del Valle 49,non digital,0 %,$0
NORESTE,DIV MONTERREY,4210,150 SAN NICOLAS DE LOS GARZA,RT001,200001673,Super El Mirador 35,non digital,0 %,$0
NORESTE,DIV MONTERREY,4210,150 SAN NICOLAS DE LOS GARZA,RT001,200001691,Bodega La Perla 43,non digital,0 %,$0
NORESTE,DIV MONTERREY,4210,150 SAN NICOLAS DE LOS GARZA,RT001,200001733,Frutería Del Norte 70,non digital,0 %,$0
NORESTE,DIV MONTERREY,4210,150 SAN NICOLAS DE LOS GARZA,RT001,200002030,Bodega Del Norte 50,non digital,0 %,$0
NORESTE,DIV MONTERREY,4210,150 SAN NICOLAS DE LOS GARZA,RT002,200000074,Bodega El Trebol 99,non digital,0 %,$0
NORESTE,DIV MONTERREY,4210,150 SAN NICOLAS DE LOS GARZA,RT002,200000106,Super Del Norte 46,non digital,0 %,$0
NORESTE,DIV MONTERREY,4210,150 SAN NICOLAS DE LOS GARZA,RT002,200000113,Depósito El Roble 51,non digital,0 %,$0
NORESTE,DIV MONTERREY,4210,150 SAN NICOLAS DE LOS GARZA,RT002,200000119,Bodega Del Valle 58,non digital,0 %,$0
NORESTE,DIV MONTERREY,4210,150 SAN NICOLAS DE LOS GARZA,RT002,200000145,Abarrotes La Esperanza 6,non digital,0 %,$0
NORESTE,DIV MONTERREY,4210,150 SAN NICOLAS DE LOS GARZA,RT002,200000162,Abarrotes Los Alamos 74,non digital,0 %,$0
NORESTE,DIV MONTERREY,4210,150 SAN NICOLAS DE LOS GARZA,RT002,200000182,Abarrotes La Unión 56,non digital,0 %,$0
NORESTE,DIV MONTERREY,4210,150 SAN NICOLAS DE LOS GARZA,RT002,200000187,Mercadito Las Flores 37,non digital,0 %,$0
NORESTE,DIV MONTERREY,4210,150 SAN NICOLAS DE LOS GARZA,RT002,200000188,Super La Victoria 38,non digital,0 %,$0
NORESTE,DIV MONTERREY,4210,150 SAN NICOLAS DE LOS GARZA,RT002,200000225,Tienda Santa Fe 63,non digital,0 %,$0
NORESTE,DIV MONTERREY,4210,150 SAN NICOLAS DE LOS GARZA,RT002,200000265,Mercadito San José 6,non digital,0 %,$0
NORESTE,DIV MONTERREY,4210,150 SAN NICOLAS DE LOS GARZA,RT002,200000292,Abarrotes Santa Fe 7,non digital,0 %,$0
NORESTE,DIV MONTERREY,4210,150 SAN NICOLAS DE LOS GARZA,RT002,200000297,Bodega La Esperanza 55,non digital,0 %,$0
NORESTE,DIV MONTERREY,4210,150 SAN NICOLAS DE LOS GARZA,RT002,200000299,Tienda El Trebol 1,non digital,0 %,$0
NORESTE,DIV MONTERREY,4210,150 SAN NICOLAS DE LOS GARZA,RT002,200000348,Comercial Los Pinos 41,non digital,0 %,$0
NORESTE,DIV MONTERREY,4210,150 SAN NICOLAS DE LOS GARZA,RT002,200000374,Bodega San José 20,non digital,0 %,$0
NORESTE,DIV MONTERREY,4210,150 SAN NICOLAS DE LOS GARZA,RT002,200000402,Comercial Del Norte 80,non digital,0 %,$0
NORESTE,DIV MONTERREY,4210,150 SAN NICOLAS DE LOS GARZA,RT002,200000419,Mercadito San José 9,non digital,0 %,$0
NORESTE,DIV MONTERREY,4210,150 SAN NICOLAS DE LOS GARZA,RT002,200000433,Super Las Flores 40,non digital,0 %,$0
NORESTE,DIV MONTERREY,4210,150 SAN NICOLAS DE LOS GARZA,RT002,200000474,Bodega La Perla 87,non digital,0 %,$0
NORESTE,DIV MONTERREY,4210,150 SAN NICOLAS DE LOS GARZA,RT002,200000528,Depósito San José 88,non digital,0 %,$0
NORESTE,DIV MONTERREY,4210,150 SAN NICOLAS DE LOS GARZA,RT002,200000532,Mini Market Del Valle 49,non digital,0 %,$0
NORESTE,DIV MONTERREY,4210,150 SAN NICOLAS DE LOS GARZA,RT002,200000640,Minisuper La Victoria 21,non digital,0 %,$0
NORESTE,DIV MONTERREY,4210,150 SAN NICOLAS DE LOS GARZA,RT002,200000648,Frutería El Sol 94,non digital,0 %,$0
NORESTE,DIV MONTERREY,4210,150 SAN NICOLAS DE LOS GARZA,RT002,200000695,Frutería La Victoria 45,non digital,0 %,$0
NORESTE,DIV MONTERREY,4210,150 SAN NICOLAS DE LOS GARZA,RT002,200000744,Mercadito El Sol 20,non digital,0 %,$0
NORESTE,DIV MONTERREY,4210,150 SAN NICOLAS DE LOS GARZA,RT002,200000762,Minisuper El Trebol 26,non digital,0 %,$0
NORESTE,DIV MONTERREY,4210,150 SAN NICOLAS DE LOS GARZA,RT002,200000776,Tienda La Esperanza 13,non digital,0 %,$0
NORESTE,DIV MONTERREY,4210,150 SAN NICOLAS DE LOS GARZA,RT002,200000804,Tienda El Encanto 60,non digital,0 %,$0
NORESTE,DIV MONTERREY,4210,150 SAN NICOLAS DE LOS GARZA,RT002,200000813,Abarrotes El Progreso 1,non digital,0 %,$0
NORESTE,DIV MONTERREY,4210,150 SAN NICOLAS DE LOS GARZA,RT002,200000853,Bodega San José 65,non digital,0 %,$0
NORESTE,DIV MONTERREY,4210,150 SAN NICOLAS DE LOS GARZA,RT002,200000854,Abarrotes El Progreso 30,non digital,0 %,$0
NORESTE,DIV MONTERREY,4210,150 SAN NICOLAS DE LOS GARZA,RT002,200000856,Super El Progreso 80,non digital,0 %,$0
NORESTE,DIV MONTERREY,4210,150 SAN NICOLAS DE LOS GARZA,RT002,200000857,Super El Sol 68,non digital,0 %,$0
NORESTE,DIV MONTERREY,4210,150 SAN NICOLAS DE LOS GARZA,RT002,200000882,Frutería El Sol 64,non digital,0 %,$0
NORESTE,DIV MONTERREY,4210,150 SAN NICOLAS DE LOS GARZA,RT002,200000884,Mini Market Buena Vista 96,non digital,0 %,$0
NORESTE,DIV MONTERREY,4210,150 SAN NICOLAS DE LOS GARZA,RT002,200000894,Bodega El Trebol 28,non digital,0 %,$0
NORESTE,DIV MONTERREY,4210,150 SAN NICOLAS DE LOS GARZA,RT002,200000991,Super El Sol 47,non digital,0 %,$0
NORESTE,DIV MONTERREY,4210,150 SAN NICOLAS DE LOS GARZA,RT002,200000997,Frutería La Perla 44,non digital,0 %,$0
NORESTE,DIV MONTERREY,4210,150 SAN NICOLAS DE LOS GARZA,RT002,200000999,Frutería La Perla 30,non digital,0 %,$0
NORESTE,DIV MONTERREY,4210,150 SAN NICOLAS DE LOS GARZA,RT002,200001002,Mini Market El Sol 95,non digital,0 %,$0
NORESTE,DIV MONTERREY,4210,150 SAN NICOLAS DE LOS GARZA,RT002,200001030,Mini Market Las Flores 72,non digital,0 %,$0
NORESTE,DIV MONTERREY,4210,150 SAN NICOLAS DE LOS GARZA,RT002,200001031,Minisuper El Mirador 97,non digital,0 %,$0
NORESTE,DIV MONTERREY,4210,150 SAN NICOLAS DE LOS GARZA,RT002,200001078,Abarrotes San José 23,non digital,0 %,$0
NORESTE,DIV MONTERREY,4210,150 SAN NICOLAS DE LOS GARZA,RT002,200001088,Depósito Santa Cruz 39,non digital,0 %,$0
NORESTE,DIV MONTERREY,4210,150 SAN NICOLAS DE LOS GARZA,RT002,200001125,Mini Market La Esperanza 25,non digital,0 %,$0
NORESTE,DIV MONTERREY,4210,150 SAN NICOLAS DE LOS GARZA,RT002,200001202,Frutería Santa Fe 7,non digital,0 %,$0
NORESTE,DIV MONTERREY,4210,150 SAN NICOLAS DE LOS GARZA,RT002,200001231,Depósito La Fortuna 80,non digital,0 %,$0
NORESTE,DIV MONTERREY,4210,150 SAN NICOLAS DE LOS GARZA,RT002,200001283,Mercadito Las Flores 42,non digital,0 %,$0
NORESTE,DIV MONTERREY,4210,150 SAN NICOLAS DE LOS GARZA,RT002,200001295,Abarrotes La Unión 37,non digital,0 %,$0
NORESTE,DIV MONTERREY,4210,150 SAN NICOLAS DE LOS GARZA,RT002,200001403,Mercadito La Victoria 82,non digital,0 %,$0
NORESTE,DIV MONTERREY,4210,150 SAN NICOLAS DE LOS GARZA,RT002,200001445,Mini Market Del Norte 12,non digital,0 %,$0
NORESTE,DIV MONTERREY,4210,150 SAN NICOLAS DE LOS GARZA,RT002,200001468,Bodega La Unión 67,non digital,0 %,$0
NORESTE,DIV MONTERREY,4210,150 SAN NICOLAS DE LOS GARZA,RT002,200001488,Super El Mirador 10,non digital,0 %,$0
NORESTE,DIV MONTERREY,4210,150 SAN NICOLAS DE LOS GARZA,RT002,200001518,Comercial Las Flores 82,non digital,0 %,$0
NORESTE,DIV MONTERREY,4210,150 SAN NICOLAS DE LOS GARZA,RT002,200001554,Minisuper Los Alamos 92,non digital,0 %,$0
NORESTE,DIV MONTERREY,4210,150 SAN NICOLAS DE LOS GARZA,RT002,200001556,Comercial Los Pinos 28,non digital,0 %,$0
NORESTE,DIV MONTERREY,4210,150 SAN NICOLAS DE LOS GARZA,RT002,200001566,Depósito Los Pinos 88,non digital,0 %,$0
NORESTE,DIV MONTERREY,4210,150 SAN NICOLAS DE LOS GARZA,RT002,200001571,Comercial Santa Cruz 16,non digital,0 %,$0
NORESTE,DIV MONTERREY,4210,150 SAN NICOLAS DE LOS GARZA,RT002,200001576,Frutería Los Pinos 93,non digital,0 %,$0
NORESTE,DIV MONTERREY,4210,150 SAN NICOLAS DE LOS GARZA,RT002,200001595,Tienda La Unión 98,non digital,0 %,$0
NORESTE,DIV MONTERREY,4210,150 SAN NICOLAS DE LOS GARZA,RT002,200001609,Depósito El Encanto 58,non digital,0 %,$0
NORESTE,DIV MONTERREY,4210,150 SAN NICOLAS DE LOS GARZA,RT002,200001619,Frutería Los Pinos 41,non digital,0 %,$0
NORESTE,DIV MONTERREY,4210,150 SAN NICOLAS DE LOS GARZA,RT002,200001649,Abarrotes Del Valle 45,non digital,0 %,$0
NORESTE,DIV MONTERREY,4210,150 SAN NICOLAS DE LOS GARZA,RT002,200001683,Super El Sol 21,non digital,0 %,$0
NORESTE,DIV MONTERREY,4210,150 SAN NICOLAS DE LOS GARZA,RT002,200001745,Bodega Santa Cruz 50,non digital,0 %,$0
NORESTE,DIV MONTERREY,4210,150 SAN NICOLAS DE LOS GARZA,RT002,200001746,Abarrotes La Unión 15,non digital,0 %,$0
NORESTE,DIV MONTERREY,4210,150 SAN NICOLAS DE LOS GARZA,RT002,200001748,Super La Victoria 71,non digital,0 %,$0
NORESTE,DIV MONTERREY,4210,150 SAN NICOLAS DE LOS GARZA,RT002,200001761,Mini Market La Perla 71,non digital,0 %,$0
NORESTE,DIV MONTERREY,4210,150 SAN NICOLAS DE LOS GARZA,RT002,200001784,Super San José 39,non digital,0 %,$0
NORESTE,DIV MONTERREY,4210,150 SAN NICOLAS DE LOS GARZA,RT002,200001795,Abarrotes San José 91,non digital,0 %,$0
NORESTE,DIV MONTERREY,4210,150 SAN NICOLAS DE LOS GARZA,RT002,200001985,Comercial Santa Cruz 49,non digital,0 %,$0
NORESTE,DIV MONTERREY,4210,150 SAN NICOLAS DE LOS GARZA,RT002,200001989,Mini Market La Perla 99,non digital,0 %,$0
NORESTE,DIV MONTERREY,4210,150 SAN NICOLAS DE LOS GARZA,RT002,200001997,Mercadito Los Alamos 4,non digital,0 %,$0
NORESTE,DIV MONTERREY,4210,150 SAN NICOLAS DE LOS GARZA,RT003,200000048,Depósito El Progreso 23,non digital,0 %,$0
NORESTE,DIV MONTERREY,4210,150 SAN NICOLAS DE LOS GARZA,RT003,200000050,Mercadito La Perla 75,non digital,0 %,$0
NORESTE,DIV MONTERREY,4210,150 SAN NICOLAS DE LOS GARZA,RT003,200000055,Frutería Buena Vista 96,non digital,0 %,$0
NORESTE,DIV MONTERREY,4210,150 SAN NICOLAS DE LOS GARZA,RT003,200000093,Depósito Santa Cruz 53,non digital,0 %,$0
NORESTE,DIV MONTERREY,4210,150 SAN NICOLAS DE LOS GARZA,RT003,200000199,Comercial San José 46,non digital,0 %,$0
NORESTE,DIV MONTERREY,4210,150 SAN NICOLAS DE LOS GARZA,RT003,200000237,Depósito La Victoria 70,non digital,0 %,$0
NORESTE,DIV MONTERREY,4210,150 SAN NICOLAS DE LOS GARZA,RT003,200000249,Super Del Norte 51,non digital,0 %,$0
NORESTE,DIV MONTERREY,4210,150 SAN NICOLAS DE LOS GARZA,RT003,200000259,Minisuper Los Pinos 62,non digital,0 %,$0
NORESTE,DIV MONTERREY,4210,150 SAN NICOLAS DE LOS GARZA,RT003,200000261,Mercadito La Unión 86,non digital,0 %,$0
NORESTE,DIV MONTERREY,4210,150 SAN NICOLAS DE LOS GARZA,RT003,200000281,Abarrotes El Roble 61,non digital,0 %,$0
NORESTE,DIV MONTERREY,4210,150 SAN NICOLAS DE LOS GARZA,RT003,200000308,Mercadito Las Flores 10,non digital,0 %,$0
NORESTE,DIV MONTERREY,4210,150 SAN NICOLAS DE LOS GARZA,RT003,200000310,Bodega La Victoria 69,non digital,0 %,$0
NORESTE,DIV MONTERREY,4210,150 SAN NICOLAS DE LOS GARZA,RT003,200000312,Minisuper El Roble 11,non digital,0 %,$0
NORESTE,DIV MONTERREY,4210,150 SAN NICOLAS DE LOS GARZA,RT003,200000315,Depósito El Encanto 88,non digital,0 %,$0
NORESTE,DIV MONTERREY,4210,150 SAN NICOLAS DE LOS GARZA,RT003,200000319,Abarrotes Buena Vista 97,non digital,0 %,$0
NORESTE,DIV MONTERREY,4210,150 SAN NICOLAS DE LOS GARZA,RT003,200000321,Frutería Del Valle 98,non digital,0 %,$0
NORESTE,DIV MONTERREY,4210,150 SAN NICOLAS DE LOS GARZA,RT003,200000323,Depósito La Unión 60,non digital,0 %,$0
NORESTE,DIV MONTERREY,4210,150 SAN NICOLAS DE LOS GARZA,RT003,200000329,Bodega El Trebol 94,non digital,0 %,$0
NORESTE,DIV MONTERREY,4210,150 SAN NICOLAS DE LOS GARZA,RT003,200000336,Minisuper El Mirador 63,non digital,0 %,$0
NORESTE,DIV MONTERREY,4210,150 SAN NICOLAS DE LOS GARZA,RT003,200000346,Minisuper El Progreso 85,non digital,0 %,$0
NORESTE,DIV MONTERREY,4210,150 SAN NICOLAS DE LOS GARZA,RT003,200000350,Minisuper Los Pinos 6,non digital,0 %,$0
NORESTE,DIV MONTERREY,4210,150 SAN NICOLAS DE LOS GARZA,RT003,200000357,Comercial El Encanto 72,non digital,0 %,$0
NORESTE,DIV MONTERREY,4210,150 SAN NICOLAS DE LOS GARZA,RT003,200000455,Mercadito Los Alamos 72,non digital,0 %,$0
NORESTE,DIV MONTERREY,4210,150 SAN NICOLAS DE LOS GARZA,RT003,200000466,Mini Market El Mirador 88,non digital,0 %,$0
NORESTE,DIV MONTERREY,4210,150 SAN NICOLAS DE LOS GARZA,RT003,200000525,Abarrotes La Perla 47,non digital,0 %,$0
NORESTE,DIV MONTERREY,4210,150 SAN NICOLAS DE LOS GARZA,RT003,200000530,Abarrotes La Fortuna 93,non digital,0 %,$0
NORESTE,DIV MONTERREY,4210,150 SAN NICOLAS DE LOS GARZA,RT003,200000534,Depósito El Roble 13,non digital,0 %,$0
NORESTE,DIV MONTERREY,4210,150 SAN NICOLAS DE LOS GARZA,RT003,200000546,Mercadito Del Valle 66,non digital,0 %,$0
NORESTE,DIV MONTERREY,4210,150 SAN NICOLAS DE LOS GARZA,RT003,200000573,Comercial Santa Cruz 53,non digital,0 %,$0
NORESTE,DIV MONTERREY,4210,150 SAN NICOLAS DE LOS GARZA,RT003,200000715,Mercadito El Sol 74,non digital,0 %,$0
NORESTE,DIV MONTERREY,4210,150 SAN NICOLAS DE LOS GARZA,RT003,200000716,Minisuper La Esperanza 17,non digital,0 %,$0
NORESTE,DIV MONTERREY,4210,150 SAN NICOLAS DE LOS GARZA,RT003,200000720,Bodega Del Valle 36,non digital,0 %,$0
NORESTE,DIV MONTERREY,4210,150 SAN NICOLAS DE LOS GARZA,RT003,200000728,Super San José 36,non digital,0 %,$0
NORESTE,DIV MONTERREY,4210,150 SAN NICOLAS DE LOS GARZA,RT003,200000742,Tienda El Progreso 61,non digital,0 %,$0
NORESTE,DIV MONTERREY,4210,150 SAN NICOLAS DE LOS GARZA,RT003,200000743,Tienda El Progreso 91,non digital,0 %,$0
NORESTE,DIV MONTERREY,4210,150 SAN NICOLAS DE LOS GARZA,RT003,200000787,Abarrotes La Unión 35,non digital,0 %,$0
NORESTE,DIV MONTERREY,4210,150 SAN NICOLAS DE LOS GARZA,RT003,200000792,Comercial San José 55,non digital,0 %,$0
NORESTE,DIV MONTERREY,4210,150 SAN NICOLAS DE LOS GARZA,RT003,200000877,Super El Mirador 59,non digital,0 %,$0
NORESTE,DIV MONTERREY,4210,150 SAN NICOLAS DE LOS GARZA,RT003,200000878,Tienda El Encanto 6,non digital,0 %,$0
NORESTE,DIV MONTERREY,4210,150 SAN NICOLAS DE LOS GARZA,RT003,200000904,Depósito Las Flores 89,non digital,0 %,$0
NORESTE,DIV MONTERREY,4210,150 SAN NICOLAS DE LOS GARZA,RT003,200000924,Mini Market El Encanto 86,non digital,0 %,$0
NORESTE,DIV MONTERREY,4210,150 SAN NICOLAS DE LOS GARZA,RT003,200001050,Minisuper El Mirador 71,non digital,0 %,$0
NORESTE,DIV MONTERREY,4210,150 SAN NICOLAS DE LOS GARZA,RT003,200001052,Tienda Los Pinos 48,non digital,0 %,$0
NORESTE,DIV MONTERREY,4210,150 SAN NICOLAS DE LOS GARZA,RT003,200001056,Mercadito La Victoria 47,non digital,0 %,$0
NORESTE,DIV MONTERREY,4210,150 SAN NICOLAS DE LOS GARZA,RT003,200001057,Frutería Del Valle 31,non digital,0 %,$0
NORESTE,DIV MONTERREY,4210,150 SAN NICOLAS DE LOS GARZA,RT003,200001286,Mini Market San José 20,non digital,0 %,$0
NORESTE,DIV MONTERREY,4210,150 SAN NICOLAS DE LOS GARZA,RT003,200001287,Abarrotes San José 55,non digital,0 %,$0
NORESTE,DIV MONTERREY,4210,150 SAN NICOLAS DE LOS GARZA,RT003,200001289,Minisuper Del Valle 31,non digital,0 %,$0
NORESTE,DIV MONTERREY,4210,150 SAN NICOLAS DE LOS GARZA,RT003,200001290,Bodega Buena Vista 68,non digital,0 %,$0
NORESTE,DIV MONTERREY,4210,150 SAN NICOLAS DE LOS GARZA,RT003,200001313,Depósito La Unión 51,non digital,0 %,$0
NORESTE,DIV MONTERREY,4210,150 SAN NICOLAS DE LOS GARZA,RT003,200001314,Comercial Santa Fe 62,non digital,0 %,$0
NORESTE,DIV MONTERREY,4210,150 SAN NICOLAS DE LOS GARZA,RT003,200001342,Mercadito El Roble 60,non digital,0 %,$0
NORESTE,DIV MONTERREY,4210,150 SAN NICOLAS DE LOS GARZA,RT003,200001367,Mini Market Los Alamos 62,non digital,0 %,$0
NORESTE,DIV MONTERREY,4210,150 SAN NICOLAS DE LOS GARZA,RT003,200001498,Bodega Santa Fe 94,non digital,0 %,$0
NORESTE,DIV MONTERREY,4210,150 SAN NICOLAS DE LOS GARZA,RT003,200001537,Mercadito La Victoria 91,non digital,0 %,$0
NORESTE,DIV MONTERREY,4210,150 SAN NICOLAS DE LOS GARZA,RT003,200001643,Bodega Las Flores 36,non digital,0 %,$0
NORESTE,DIV MONTERREY,4210,150 SAN NICOLAS DE LOS GARZA,RT003,200001647,Super El Trebol 51,non digital,0 %,$0
NORESTE,DIV MONTERREY,4210,150 SAN NICOLAS DE LOS GARZA,RT003,200001715,Depósito Santa Fe 81,non digital,0 %,$0
NORESTE,DIV MONTERREY,4210,150 SAN NICOLAS DE LOS GARZA,RT003,200001725,Abarrotes Los Pinos 3,non digital,0 %,$0
NORESTE,DIV MONTERREY,4210,150 SAN NICOLAS DE LOS GARZA,RT003,200001734,Mercadito El Mirador 42,non digital,0 %,$0
NORESTE,DIV MONTERREY,4210,150 SAN NICOLAS DE LOS GARZA,RT003,200001747,Frutería El Trebol 34,non digital,0 %,$0
NORESTE,DIV MONTERREY,4210,150 SAN NICOLAS DE LOS GARZA,RT003,200001848,Minisuper Los Alamos 10,non digital,0 %,$0
NORESTE,DIV MONTERREY,4210,150 SAN NICOLAS DE LOS GARZA,RT003,200001850,Minisuper Los Alamos 81,non digital,0 %,$0
NORESTE,DIV MONTERREY,4210,150 SAN NICOLAS DE LOS GARZA,RT003,200001864,Bodega La Unión 35,non digital,0 %,$0
NORESTE,DIV MONTERREY,4210,150 SAN NICOLAS DE LOS GARZA,RT003,200001875,Depósito La Perla 84,non digital,0 %,$0
NORESTE,DIV MONTERREY,4210,150 SAN NICOLAS DE LOS GARZA,RT003,200001926,Super Las Flores 96,non digital,0 %,$0
NORESTE,DIV MONTERREY,4210,150 SAN NICOLAS DE LOS GARZA,RT003,200001945,Abarrotes La Unión 20,non digital,0 %,$0
NORESTE,DIV MONTERREY,4210,150 SAN NICOLAS DE LOS GARZA,RT003,200001960,Bodega El Mirador 50,non digital,0 %,$0
NORESTE,DIV MONTERREY,4210,150 SAN NICOLAS DE LOS GARZA,RT004,200000032,Super El Trebol 95,non digital,0 %,$0
NORESTE,DIV MONTERREY,4210,150 SAN NICOLAS DE LOS GARZA,RT004,200000039,Frutería La Fortuna 83,non digital,0 %,$0
NORESTE,DIV MONTERREY,4210,150 SAN NICOLAS DE LOS GARZA,RT004,200000043,Super La Esperanza 70,non digital,0 %,$0
NORESTE,DIV MONTERREY,4210,150 SAN NICOLAS DE LOS GARZA,RT004,200000108,Abarrotes Santa Fe 4,non digital,0 %,$0
NORESTE,DIV MONTERREY,4210,150 SAN NICOLAS DE LOS GARZA,RT004,200000120,Bodega El Roble 97,non digital,0 %,$0
NORESTE,DIV MONTERREY,4210,150 SAN NICOLAS DE LOS GARZA,RT004,200000128,Minisuper Los Pinos 91,non digital,0 %,$0
NORESTE,DIV MONTERREY,4210,150 SAN NICOLAS DE LOS GARZA,RT004,200000131,Abarrotes Los Pinos 44,non digital,0 %,$0
NORESTE,DIV MONTERREY,4210,150 SAN NICOLAS DE LOS GARZA,RT004,200000143,Abarrotes Las Flores 44,non digital,0 %,$0
NORESTE,DIV MONTERREY,4210,150 SAN NICOLAS DE LOS GARZA,RT004,200000144,Mini Market El Progreso 5,non digital,0 %,$0
NORESTE,DIV MONTERREY,4210,150 SAN NICOLAS DE LOS GARZA,RT004,200000146,Mercadito La Fortuna 48,non digital,0 %,$0
NORESTE,DIV MONTERREY,4210,150 SAN NICOLAS DE LOS GARZA,RT004,200000161,Frutería La Perla 3,non digital,0 %,$0
NORESTE,DIV MONTERREY,4210,150 SAN NICOLAS DE LOS GARZA,RT004,200000195,Comercial Buena Vista 86,non digital,0 %,$0
NORESTE,DIV MONTERREY,4210,150 SAN NICOLAS DE LOS GARZA,RT004,200000202,Bodega El Encanto 65,non digital,0 %,$0
NORESTE,DIV MONTERREY,4210,150 SAN NICOLAS DE LOS GARZA,RT004,200000213,Super El Roble 83,non digital,0 %,$0
NORESTE,DIV MONTERREY,4210,150 SAN NICOLAS DE LOS GARZA,RT004,200000224,Comercial Santa Fe 47,non digital,0 %,$0
NORESTE,DIV MONTERREY,4210,150 SAN NICOLAS DE LOS GARZA,RT004,200000247,Comercial La Unión 18,non digital,0 %,$0
NORESTE,DIV MONTERREY,4210,150 SAN NICOLAS DE LOS GARZA,RT004,200000251,Mini Market El Trebol 80,non digital,0 %,$0
NORESTE,DIV MONTERREY,4210,150 SAN NICOLAS DE LOS GARZA,RT004,200000284,Bodega Los Pinos 24,non digital,0 %,$0
NORESTE,DIV MONTERREY,4210,150 SAN NICOLAS DE LOS GARZA,RT004,200000368,Comercial Los Pinos 64,non digital,0 %,$0
NORESTE,DIV MONTERREY,4210,150 SAN NICOLAS DE LOS GARZA,RT004,200000384,Minisuper San José 42,non digital,0 %,$0
NORESTE,DIV MONTERREY,4210,150 SAN NICOLAS DE LOS GARZA,RT004,200000413,Minisuper Los Pinos 75,non digital,0 %,$0
NORESTE,DIV MONTERREY,4210,150 SAN NICOLAS DE LOS GARZA,RT004,200000421,Minisuper La Fortuna 37,non digital,0 %,$0
NORESTE,DIV MONTERREY,4210,150 SAN NICOLAS DE LOS GARZA,RT004,200000424,Tienda El Mirador 6,non digital,0 %,$0
NORESTE,DIV MONTERREY,4210,150 SAN NICOLAS DE LOS GARZA,RT004,200000429,Mini Market La Unión 39,non digital,0 %,$0
NORESTE,DIV MONTERREY,4210,150 SAN NICOLAS DE LOS GARZA,RT004,200000437,Mini Market El Encanto 42,non digital,0 %,$0
NORESTE,DIV MONTERREY,4210,150 SAN NICOLAS DE LOS GARZA,RT004,200000445,Super La Esperanza 3,non digital,0 %,$0
NORESTE,DIV MONTERREY,4210,150 SAN NICOLAS DE LOS GARZA,RT004,200000446,Frutería Del Norte 57,non digital,0 %,$0
NORESTE,DIV MONTERREY,4210,150 SAN NICOLAS DE LOS GARZA,RT004,200000459,Bodega El Roble 54,non digital,0 %,$0
NORESTE,DIV MONTERREY,4210,150 SAN NICOLAS DE LOS GARZA,RT004,200000472,Mini Market El Trebol 4,non digital,0 %,$0
NORESTE,DIV MONTERREY,4210,150 SAN NICOLAS DE LOS GARZA,RT004,200000483,Comercial La Esperanza 3,non digital,0 %,$0
NORESTE,DIV MONTERREY,4210,150 SAN NICOLAS DE LOS GARZA,RT004,200000489,Mercadito La Perla 32,non digital,0 %,$0
NORESTE,DIV MONTERREY,4210,150 SAN NICOLAS DE LOS GARZA,RT004,200000492,Depósito San José 61,non digital,0 %,$0
NORESTE,DIV MONTERREY,4210,150 SAN NICOLAS DE LOS GARZA,RT004,200000508,Abarrotes El Sol 40,non digital,0 %,$0
NORESTE,DIV MONTERREY,4210,150 SAN NICOLAS DE LOS GARZA,RT004,200000510,Bodega El Sol 88,non digital,0 %,$0
NORESTE,DIV MONTERREY,4210,150 SAN NICOLAS DE LOS GARZA,RT004,200000512,Tienda La Fortuna 25,non digital,0 %,$0
NORESTE,DIV MONTERREY,4210,150 SAN NICOLAS DE LOS GARZA,RT004,200000620,Abarrotes Las Flores 26,non digital,0 %,$0
NORESTE,DIV MONTERREY,4210,150 SAN NICOLAS DE LOS GARZA,RT004,200000687,Abarrotes La Perla 3,non digital,0 %,$0
NORESTE,DIV MONTERREY,4210,150 SAN NICOLAS DE LOS GARZA,RT004,200000739,Bodega El Roble 37,non digital,0 %,$0
NORESTE,DIV MONTERREY,4210,150 SAN NICOLAS DE LOS GARZA,RT004,200000740,Tienda Los Pinos 45,non digital,0 %,$0
NORESTE,DIV MONTERREY,4210,150 SAN NICOLAS DE LOS GARZA,RT004,200000779,Tienda Santa Fe 76,non digital,0 %,$0
NORESTE,DIV MONTERREY,4210,150 SAN NICOLAS DE LOS GARZA,RT004,200000811,Tienda Del Norte 16,non digital,0 %,$0
NORESTE,DIV MONTERREY,4210,150 SAN NICOLAS DE LOS GARZA,RT004,200000847,Mini Market La Fortuna 33,non digital,0 %,$0
NORESTE,DIV MONTERREY,4210,150 SAN NICOLAS DE LOS GARZA,RT004,200000860,Mercadito Santa Cruz 57,non digital,0 %,$0
NORESTE,DIV MONTERREY,4210,150 SAN NICOLAS DE LOS GARZA,RT004,200000862,Abarrotes Los Pinos 25,non digital,0 %,$0
NORESTE,DIV MONTERREY,4210,150 SAN NICOLAS DE LOS GARZA,RT004,200000863,Minisuper Los Pinos 95,non digital,0 %,$0
NORESTE,DIV MONTERREY,4210,150 SAN NICOLAS DE LOS GARZA,RT004,200000907,Minisuper El Encanto 93,non digital,0 %,$0
NORESTE,DIV MONTERREY,4210,150 SAN NICOLAS DE LOS GARZA,RT004,200000922,Mercadito Del Norte 85,non digital,0 %,$0
NORESTE,DIV MONTERREY,4210,150 SAN NICOLAS DE LOS GARZA,RT004,200000930,Bodega San José 35,non digital,0 %,$0
NORESTE,DIV MONTERREY,4210,150 SAN NICOLAS DE LOS GARZA,RT004,200000946,Frutería La Perla 12,non digital,0 %,$0
NORESTE,DIV MONTERREY,4210,150 SAN NICOLAS DE LOS GARZA,RT004,200001009,Super Del Norte 87,non digital,0 %,$0
NORESTE,DIV MONTERREY,4210,150 SAN NICOLAS DE LOS GARZA,RT004,200001011,Mini Market El Sol 3,non digital,0 %,$0
NORESTE,DIV MONTERREY,4210,150 SAN NICOLAS DE LOS GARZA,RT004,200001013,Bodega Las Flores 99,non digital,0 %,$0
NORESTE,DIV MONTERREY,4210,150 SAN NICOLAS DE LOS GARZA,RT004,200001017,Super La Unión 13,non digital,0 %,$0
NORESTE,DIV MONTERREY,4210,150 SAN NICOLAS DE LOS GARZA,RT004,200001021,Tienda Buena Vista 65,non digital,0 %,$0
NORESTE,DIV MONTERREY,4210,150 SAN NICOLAS DE LOS GARZA,RT004,200001033,Mini Market El Progreso 9,non digital,0 %,$0
NORESTE,DIV MONTERREY,4210,150 SAN NICOLAS DE LOS GARZA,RT004,200001068,Super La Perla 2,non digital,0 %,$0
NORESTE,DIV MONTERREY,4210,150 SAN NICOLAS DE LOS GARZA,RT004,200001087,Bodega Buena Vista 66,non digital,0 %,$0
NORESTE,DIV MONTERREY,4210,150 SAN NICOLAS DE LOS GARZA,RT004,200001094,Minisuper El Trebol 50,non digital,0 %,$0
NORESTE,DIV MONTERREY,4210,150 SAN NICOLAS DE LOS GARZA,RT004,200001132,Minisuper El Roble 95,non digital,0 %,$0
NORESTE,DIV MONTERREY,4210,150 SAN NICOLAS DE LOS GARZA,RT004,200001135,Super La Unión 83,non digital,0 %,$0
NORESTE,DIV MONTERREY,4210,150 SAN NICOLAS DE LOS GARZA,RT004,200001137,Bodega Santa Cruz 22,non digital,0 %,$0
NORESTE,DIV MONTERREY,4210,150 SAN NICOLAS DE LOS GARZA,RT004,200001142,Depósito Los Pinos 1,non digital,0 %,$0
NORESTE,DIV MONTERREY,4210,150 SAN NICOLAS DE LOS GARZA,RT004,200001143,Super La Perla 6,non digital,0 %,$0
NORESTE,DIV MONTERREY,4210,150 SAN NICOLAS DE LOS GARZA,RT004,200001150,Mercadito El Sol 95,non digital,0 %,$0
NORESTE,DIV MONTERREY,4210,150 SAN NICOLAS DE LOS GARZA,RT004,200001156,Abarrotes El Roble 74,non digital,0 %,$0
NORESTE,DIV MONTERREY,4210,150 SAN NICOLAS DE LOS GARZA,RT004,200001197,Mini Market La Victoria 94,non digital,0 %,$0
NORESTE,DIV MONTERREY,4210,150 SAN NICOLAS DE LOS GARZA,RT004,200001257,Super San José 31,non digital,0 %,$0
NORESTE,DIV MONTERREY,4210,150 SAN NICOLAS DE LOS GARZA,RT004,200001266,Tienda El Encanto 55,non digital,0 %,$0
NORESTE,DIV MONTERREY,4210,150 SAN NICOLAS DE LOS GARZA,RT004,200001311,Minisuper La Victoria 85,non digital,0 %,$0
NORESTE,DIV MONTERREY,4210,150 SAN NICOLAS DE LOS GARZA,RT004,200001321,Minisuper El Encanto 64,non digital,0 %,$0
NORESTE,DIV MONTERREY,4210,150 SAN NICOLAS DE LOS GARZA,RT004,200001369,Frutería Las Flores 32,non digital,0 %,$0
NORESTE,DIV MONTERREY,4210,150 SAN NICOLAS DE LOS GARZA,RT004,200001463,Mercadito San José 64,non digital,0 %,$0
NORESTE,DIV MONTERREY,4210,150 SAN NICOLAS DE LOS GARZA,RT004,200001470,Bodega Los Pinos 93,non digital,0 %,$0
NORESTE,DIV MONTERREY,4210,150 SAN NICOLAS DE LOS GARZA,RT004,200001473,Bodega San José 89,non digital,0 %,$0
NORESTE,DIV MONTERREY,4210,150 SAN NICOLAS DE LOS GARZA,RT004,200001536,Minisuper El Mirador 76,non digital,0 %,$0
NORESTE,DIV MONTERREY,4210,150 SAN NICOLAS DE LOS GARZA,RT004,200001562,Minisuper El Roble 57,non digital,0 %,$0
NORESTE,DIV MONTERREY,4210,150 SAN NICOLAS DE LOS GARZA,RT004,200001600,Tienda El Trebol 58,non digital,0 %,$0
NORESTE,DIV MONTERREY,4210,150 SAN NICOLAS DE LOS GARZA,RT004,200001628,Super Los Pinos 37,non digital,0 %,$0
NORESTE,DIV MONTERREY,4210,150 SAN NICOLAS DE LOS GARZA,RT004,200001648,Bodega La Perla 86,non digital,0 %,$0
NORESTE,DIV MONTERREY,4210,150 SAN NICOLAS DE LOS GARZA,RT004,200001687,Mini Market La Esperanza 2,non digital,0 %,$0
NORESTE,DIV MONTERREY,4210,150 SAN NICOLAS DE LOS GARZA,RT004,200001915,Minisuper La Perla 29,non digital,0 %,$0
NORESTE,DIV MONTERREY,4210,150 SAN NICOLAS DE LOS GARZA,RT004,200001961,Tienda Los Pinos 35,non digital,0 %,$0
NORESTE,DIV MONTERREY,4210,150 SAN NICOLAS DE LOS GARZA,RT005,200000013,Frutería La Esperanza 42,non digital,0 %,$0
NORESTE,DIV MONTERREY,4210,150 SAN NICOLAS DE LOS GARZA,RT005,200000021,Tienda El Progreso 19,non digital,0 %,$0
NORESTE,DIV MONTERREY,4210,150 SAN NICOLAS DE LOS GARZA,RT005,200000038,Mini Market La Esperanza 47,non digital,0 %,$0
NORESTE,DIV MONTERREY,4210,150 SAN NICOLAS DE LOS GARZA,RT005,200000180,Super La Esperanza 73,non digital,0 %,$0
NORESTE,DIV MONTERREY,4210,150 SAN NICOLAS DE LOS GARZA,RT005,200000220,Minisuper Santa Fe 35,non digital,0 %,$0
NORESTE,DIV MONTERREY,4210,150 SAN NICOLAS DE LOS GARZA,RT005,200000236,Depósito El Encanto 2,non digital,0 %,$0
NORESTE,DIV MONTERREY,4210,150 SAN NICOLAS DE LOS GARZA,RT005,200000272,Tienda Los Alamos 25,non digital,0 %,$0
NORESTE,DIV MONTERREY,4210,150 SAN NICOLAS DE LOS GARZA,RT005,200000367,Depósito Santa Fe 10,non digital,0 %,$0
NORESTE,DIV MONTERREY,4210,150 SAN NICOLAS DE LOS GARZA,RT005,200000444,Tienda El Progreso 20,non digital,0 %,$0
NORESTE,DIV MONTERREY,4210,150 SAN NICOLAS DE LOS GARZA,RT005,200000738,Super Santa Cruz 50,non digital,0 %,$0
NORESTE,DIV MONTERREY,4210,150 SAN NICOLAS DE LOS GARZA,RT005,200000747,Minisuper La Perla 27,non digital,0 %,$0
NORESTE,DIV MONTERREY,4210,150 SAN NICOLAS DE LOS GARZA,RT005,200000770,Minisuper El Progreso 48,non digital,0 %,$0
NORESTE,DIV MONTERREY,4210,150 SAN NICOLAS DE LOS GARZA,RT005,200000839,Mercadito El Trebol 40,non digital,0 %,$0
NORESTE,DIV MONTERREY,4210,150 SAN NICOLAS DE LOS GARZA,RT005,200001074,Comercial Del Valle 95,non digital,0 %,$0
NORESTE,DIV MONTERREY,4210,150 SAN NICOLAS DE LOS GARZA,RT005,200001127,Super Santa Fe 20,non digital,0 %,$0
NORESTE,DIV MONTERREY,4210,150 SAN NICOLAS DE LOS GARZA,RT005,200001325,Bodega Santa Cruz 13,non digital,0 %,$0
NORESTE,DIV MONTERREY,4210,150 SAN NICOLAS DE LOS GARZA,RT005,200001646,Comercial Las Flores 43,non digital,0 %,$0
NORESTE,DIV MONTERREY,4210,150 SAN NICOLAS DE LOS GARZA,RT005,200001675,Depósito Los Alamos 58,non digital,0 %,$0
NORESTE,DIV MONTERREY,4210,150 SAN NICOLAS DE LOS GARZA,RT005,200001803,Super El Sol 60,non digital,0 %,$0
NORESTE,DIV MONTERREY,4210,150 SAN NICOLAS DE LOS GARZA,RT005,200001911,Minisuper Los Alamos 53,non digital,0 %,$0
NORESTE,DIV MONTERREY,4210,150 SAN NICOLAS DE LOS GARZA,RT006,200000068,Mercadito Buena Vista 72,non digital,0 %,$0
NORESTE,DIV MONTERREY,4210,150 SAN NICOLAS DE LOS GARZA,RT006,200000450,Minisuper Del Valle 92,non digital,0 %,$0
NORESTE,DIV MONTERREY,4210,150 SAN NICOLAS DE LOS GARZA,RT006,200000515,Mercadito El Sol 57,non digital,0 %,$0
NORESTE,DIV MONTERREY,4210,150 SAN NICOLAS DE LOS GARZA,RT006,200000584,Minisuper Santa Fe 53,non digital,0 %,$0
NORESTE,DIV MONTERREY,4210,150 SAN NICOLAS DE LOS GARZA,RT006,200000837,Mini Market El Roble 22,non digital,0 %,$0
NORESTE,DIV MONTERREY,4210,150 SAN NICOLAS DE LOS GARZA,RT006,200000840,Depósito El Mirador 58,non digital,0 %,$0
NORESTE,DIV MONTERREY,4210,150 SAN NICOLAS DE LOS GARZA,RT006,200000914,Mini Market Del Valle 77,non digital,0 %,$0
NORESTE,DIV MONTERREY,4210,150 SAN NICOLAS DE LOS GARZA,RT006,200000967,Super Del Norte 6,non digital,0 %,$0
NORESTE,DIV MONTERREY,4210,150 SAN NICOLAS DE LOS GARZA,RT006,200001058,Abarrotes La Unión 72,non digital,0 %,$0
NORESTE,DIV MONTERREY,4210,150 SAN NICOLAS DE LOS GARZA,RT006,200001151,Bodega Buena Vista 55,non digital,0 %,$0
NORESTE,DIV MONTERREY,4210,150 SAN NICOLAS DE LOS GARZA,RT006,200001158,Abarrotes Las Flores 91,non digital,0 %,$0
NORESTE,DIV MONTERREY,4210,150 SAN NICOLAS DE LOS GARZA,RT006,200001160,Super La Perla 66,non digital,0 %,$0
NORESTE,DIV MONTERREY,4210,150 SAN NICOLAS DE LOS GARZA,RT006,200001161,Minisuper La Fortuna 30,non digital,0 %,$0
NORESTE,DIV MONTERREY,4210,150 SAN NICOLAS DE LOS GARZA,RT006,200001183,Minisuper Los Pinos 55,non digital,0 %,$0
NORESTE,DIV MONTERREY,4210,150 SAN NICOLAS DE LOS GARZA,RT006,200001221,Depósito El Roble 54,non digital,0 %,$0
NORESTE,DIV MONTERREY,4210,150 SAN NICOLAS DE LOS GARZA,RT006,200001253,Bodega El Encanto 40,non digital,0 %,$0
NORESTE,DIV MONTERREY,4210,150 SAN NICOLAS DE LOS GARZA,RT006,200001302,Mini Market La Esperanza 2,non digital,0 %,$0
NORESTE,DIV MONTERREY,4210,150 SAN NICOLAS DE LOS GARZA,RT006,200001305,Abarrotes Las Flores 90,non digital,0 %,$0
NORESTE,DIV MONTERREY,4210,150 SAN NICOLAS DE LOS GARZA,RT006,200001384,Frutería La Perla 46,non digital,0 %,$0
NORESTE,DIV MONTERREY,4210,150 SAN NICOLAS DE LOS GARZA,RT006,200001385,Abarrotes El Roble 31,non digital,0 %,$0
NORESTE,DIV MONTERREY,4210,150 SAN NICOLAS DE LOS GARZA,RT006,200001516,Mini Market La Fortuna 17,non digital,0 %,$0
NORESTE,DIV MONTERREY,4210,150 SAN NICOLAS DE LOS GARZA,RT006,200001635,Abarrotes Santa Fe 30,non digital,0 %,$0
NORESTE,DIV MONTERREY,4210,150 SAN NICOLAS DE LOS GARZA,RT006,200001641,Depósito San José 77,non digital,0 %,$0
NORESTE,DIV MONTERREY,4210,150 SAN NICOLAS DE LOS GARZA,RT006,200001645,Bodega La Perla 20,non digital,0 %,$0
NORESTE,DIV MONTERREY,4210,150 SAN NICOLAS DE LOS GARZA,RT006,200001651,Abarrotes Santa Fe 73,non digital,0 %,$0
NORESTE,DIV MONTERREY,4210,150 SAN NICOLAS DE LOS GARZA,RT006,200001652,Mini Market Los Alamos 12,non digital,0 %,$0
NORESTE,DIV MONTERREY,4210,150 SAN NICOLAS DE LOS GARZA,RT006,200001655,Bodega Los Alamos 73,non digital,0 %,$0
NORESTE,DIV MONTERREY,4210,150 SAN NICOLAS DE LOS GARZA,RT006,200001661,Depósito El Roble 6,non digital,0 %,$0
NORESTE,DIV MONTERREY,4210,150 SAN NICOLAS DE LOS GARZA,RT006,200001680,Frutería El Progreso 63,non digital,0 %,$0
NORESTE,DIV MONTERREY,4210,150 SAN NICOLAS DE LOS GARZA,RT006,200001689,Tienda El Roble 80,non digital,0 %,$0
NORESTE,DIV MONTERREY,4210,150 SAN NICOLAS DE LOS GARZA,RT006,200001690,Mercadito Del Norte 71,non digital,0 %,$0
NORESTE,DIV MONTERREY,4210,150 SAN NICOLAS DE LOS GARZA,RT006,200001703,Mini Market El Roble 41,non digital,0 %,$0
NORESTE,DIV MONTERREY,4210,150 SAN NICOLAS DE LOS GARZA,RT006,200001707,Mini Market Buena Vista 97,non digital,0 %,$0
NORESTE,DIV MONTERREY,4210,150 SAN NICOLAS DE LOS GARZA,RT006,200001711,Comercial El Progreso 96,non digital,0 %,$0
NORESTE,DIV MONTERREY,4210,150 SAN NICOLAS DE LOS GARZA,RT006,200001716,Mercadito El Encanto 93,non digital,0 %,$0
NORESTE,DIV MONTERREY,4210,150 SAN NICOLAS DE LOS GARZA,RT006,200001717,Depósito Las Flores 67,non digital,0 %,$0
NORESTE,DIV MONTERREY,4210,150 SAN NICOLAS DE LOS GARZA,RT006,200001719,Comercial El Mirador 9,non digital,0 %,$0
NORESTE,DIV MONTERREY,4210,150 SAN NICOLAS DE LOS GARZA,RT006,200001720,Bodega El Roble 26,non digital,0 %,$0
NORESTE,DIV MONTERREY,4210,150 SAN NICOLAS DE LOS GARZA,RT006,200001722,Mercadito El Trebol 47,non digital,0 %,$0
NORESTE,DIV MONTERREY,4210,150 SAN NICOLAS DE LOS GARZA,RT006,200001723,Mini Market Buena Vista 51,non digital,0 %,$0
NORESTE,DIV MONTERREY,4210,150 SAN NICOLAS DE LOS GARZA,RT006,200001741,Super La Perla 90,non digital,0 %,$0
NORESTE,DIV MONTERREY,4210,150 SAN NICOLAS DE LOS GARZA,RT006,200001763,Tienda El Sol 82,non digital,0 %,$0
NORESTE,DIV MONTERREY,4210,150 SAN NICOLAS DE LOS GARZA,RT006,200001766,Super Del Norte 44,non digital,0 %,$0
NORESTE,DIV MONTERREY,4210,150 SAN NICOLAS DE LOS GARZA,RT006,200001863,Abarrotes El Trebol 7,non digital,0 %,$0
NORESTE,DIV MONTERREY,4210,150 SAN NICOLAS DE LOS GARZA,RT006,200001871,Bodega El Trebol 37,non digital,0 %,$0
NORESTE,DIV MONTERREY,4210,150 SAN NICOLAS DE LOS GARZA,RT006,200001873,Comercial Los Alamos 60,non digital,0 %,$0
NORESTE,DIV MONTERREY,4210,150 SAN NICOLAS DE LOS GARZA,RT006,200001882,Comercial El Trebol 37,non digital,0 %,$0
NORESTE,DIV MONTERREY,4210,150 SAN NICOLAS DE LOS GARZA,RT006,200001883,Depósito Santa Cruz 32,non digital,0 %,$0
NORESTE,DIV MONTERREY,4210,150 SAN NICOLAS DE LOS GARZA,RT006,200001886,Tienda Santa Cruz 60,non digital,0 %,$0
NORESTE,DIV MONTERREY,4210,150 SAN NICOLAS DE LOS GARZA,RT006,200001951,Mini Market Los Pinos 95,non digital,0 %,$0
NORESTE,DIV MONTERREY,4210,150 SAN NICOLAS DE LOS GARZA,RT006,200001955,Comercial El Progreso 3,non digital,0 %,$0
NORESTE,DIV MONTERREY,4210,150 SAN NICOLAS DE LOS GARZA,RT006,200001962,Tienda El Encanto 76,non digital,0 %,$0
NORESTE,DIV MONTERREY,4210,150 SAN NICOLAS DE LOS GARZA,RT006,200001988,Frutería Santa Fe 45,non digital,0 %,$0
NORESTE,DIV MONTERREY,4210,150 SAN NICOLAS DE LOS GARZA,RT006,200002016,Tienda La Fortuna 23,non digital,0 %,$0
NORESTE,DIV MONTERREY,4210,150 SAN NICOLAS DE LOS GARZA,RT006,200002044,Comercial Los Pinos 92,non digital,0 %,$0
NORESTE,DIV MONTERREY,4210,150 SAN NICOLAS DE LOS GARZA,RT007,200000035,Bodega Del Valle 16,non digital,0 %,$0
NORESTE,DIV MONTERREY,4210,150 SAN NICOLAS DE LOS GARZA,RT007,200000053,Super Del Valle 28,non digital,0 %,$0
NORESTE,DIV MONTERREY,4210,150 SAN NICOLAS DE LOS GARZA,RT007,200000097,Minisuper Buena Vista 77,non digital,0 %,$0
NORESTE,DIV MONTERREY,4210,150 SAN NICOLAS DE LOS GARZA,RT007,200000138,Frutería El Progreso 12,non digital,0 %,$0
NORESTE,DIV MONTERREY,4210,150 SAN NICOLAS DE LOS GARZA,RT007,200000227,Minisuper El Mirador 20,non digital,0 %,$0
NORESTE,DIV MONTERREY,4210,150 SAN NICOLAS DE LOS GARZA,RT007,200000231,Frutería La Esperanza 42,non digital,0 %,$0
NORESTE,DIV MONTERREY,4210,150 SAN NICOLAS DE LOS GARZA,RT007,200000290,Bodega Los Alamos 16,non digital,0 %,$0
NORESTE,DIV MONTERREY,4210,150 SAN NICOLAS DE LOS GARZA,RT007,200000393,Mini Market San José 98,non digital,0 %,$0
NORESTE,DIV MONTERREY,4210,150 SAN NICOLAS DE LOS GARZA,RT007,200000411,Comercial El Mirador 8,non digital,0 %,$0
NORESTE,DIV MONTERREY,4210,150 SAN NICOLAS DE LOS GARZA,RT007,200000423,Comercial La Fortuna 35,non digital,0 %,$0
NORESTE,DIV MONTERREY,4210,150 SAN NICOLAS DE LOS GARZA,RT007,200000509,Mini Market Los Alamos 83,non digital,0 %,$0
NORESTE,DIV MONTERREY,4210,150 SAN NICOLAS DE LOS GARZA,RT007,200000583,Bodega La Victoria 69,non digital,0 %,$0
NORESTE,DIV MONTERREY,4210,150 SAN NICOLAS DE LOS GARZA,RT007,200000586,Mini Market Buena Vista 62,non digital,0 %,$0
NORESTE,DIV MONTERREY,4210,150 SAN NICOLAS DE LOS GARZA,RT007,200000701,Comercial Santa Fe 57,non digital,0 %,$0
NORESTE,DIV MONTERREY,4210,150 SAN NICOLAS DE LOS GARZA,RT007,200000702,Comercial La Perla 59,non digital,0 %,$0
NORESTE,DIV MONTERREY,4210,150 SAN NICOLAS DE LOS GARZA,RT007,200000705,Super Buena Vista 74,non digital,0 %,$0
NORESTE,DIV MONTERREY,4210,150 SAN NICOLAS DE LOS GARZA,RT007,200000723,Depósito Santa Cruz 96,non digital,0 %,$0
NORESTE,DIV MONTERREY,4210,150 SAN NICOLAS DE LOS GARZA,RT007,200000733,Abarrotes El Encanto 16,non digital,0 %,$0
NORESTE,DIV MONTERREY,4210,150 SAN NICOLAS DE LOS GARZA,RT007,200000753,Mercadito Santa Fe 85,non digital,0 %,$0
NORESTE,DIV MONTERREY,4210,150 SAN NICOLAS DE LOS GARZA,RT007,200000797,Minisuper El Roble 97,non digital,0 %,$0
NORESTE,DIV MONTERREY,4210,150 SAN NICOLAS DE LOS GARZA,RT007,200000801,Minisuper Los Pinos 13,non digital,0 %,$0
NORESTE,DIV MONTERREY,4210,150 SAN NICOLAS DE LOS GARZA,RT007,200000814,Comercial Santa Cruz 82,non digital,0 %,$0
NORESTE,DIV MONTERREY,4210,150 SAN NICOLAS DE LOS GARZA,RT007,200000855,Mercadito El Mirador 5,non digital,0 %,$0
NORESTE,DIV MONTERREY,4210,150 SAN NICOLAS DE LOS GARZA,RT007,200000897,Abarrotes Las Flores 36,non digital,0 %,$0
NORESTE,DIV MONTERREY,4210,150 SAN NICOLAS DE LOS GARZA,RT007,200000900,Super Del Norte 86,non digital,0 %,$0
NORESTE,DIV MONTERREY,4210,150 SAN NICOLAS DE LOS GARZA,RT007,200000917,Minisuper La Esperanza 14,non digital,0 %,$0
NORESTE,DIV MONTERREY,4210,150 SAN NICOLAS DE LOS GARZA,RT007,200000993,Super La Esperanza 14,non digital,0 %,$0
NORESTE,DIV MONTERREY,4210,150 SAN NICOLAS DE LOS GARZA,RT007,200001070,Mini Market El Encanto 96,non digital,0 %,$0
NORESTE,DIV MONTERREY,4210,150 SAN NICOLAS DE LOS GARZA,RT007,200001265,Comercial El Roble 95,non digital,0 %,$0
NORESTE,DIV MONTERREY,4210,150 SAN NICOLAS DE LOS GARZA,RT007,200001625,Bodega Buena Vista 66,non digital,0 %,$0
NORESTE,DIV MONTERREY,4210,150 SAN NICOLAS DE LOS GARZA,RT007,200001693,Depósito Los Alamos 92,non digital,0 %,$0
NORESTE,DIV MONTERREY,4210,150 SAN NICOLAS DE LOS GARZA,RT007,200001724,Depósito Del Valle 8,non digital,0 %,$0
NORESTE,DIV MONTERREY,4210,150 SAN NICOLAS DE LOS GARZA,RT007,200001852,Super El Sol 47,non digital,0 %,$0
NORESTE,DIV MONTERREY,4210,150 SAN NICOLAS DE LOS GARZA,RT007,200001904,Abarrotes Los Alamos 16,non digital,0 %,$0
NORESTE,DIV MONTERREY,4210,150 SAN NICOLAS DE LOS GARZA,RT007,200001916,Tienda El Mirador 66,non digital,0 %,$0
NORESTE,DIV MONTERREY,4210,150 SAN NICOLAS DE LOS GARZA,RT007,200001974,Comercial Santa Fe 5,non digital,0 %,$0
NORESTE,DIV MONTERREY,4210,150 SAN NICOLAS DE LOS GARZA,RT007,200001979,Bodega Santa Cruz 22,non digital,0 %,$0
NORESTE,DIV MONTERREY,4210,150 SAN NICOLAS DE LOS GARZA,RT007,200002025,Comercial Del Valle 57,non digital,0 %,$0
NORESTE,DIV MONTERREY,4210,150 SAN NICOLAS DE LOS GARZA,RT007,200002040,Super El Trebol 95,non digital,0 %,$0
NORESTE,DIV MONTERREY,4210,150 SAN NICOLAS DE LOS GARZA,RT008,200000072,Depósito La Esperanza 9,non digital,0 %,$0
NORESTE,DIV MONTERREY,4210,150 SAN NICOLAS DE LOS GARZA,RT008,200000080,Comercial Los Alamos 6,non digital,0 %,$0
NORESTE,DIV MONTERREY,4210,150 SAN NICOLAS DE LOS GARZA,RT008,200000088,Depósito El Trebol 29,non digital,0 %,$0
NORESTE,DIV MONTERREY,4210,150 SAN NICOLAS DE LOS GARZA,RT008,200000089,Comercial La Perla 15,non digital,0 %,$0
NORESTE,DIV MONTERREY,4210,150 SAN NICOLAS DE LOS GARZA,RT008,200000091,Minisuper El Progreso 73,non digital,0 %,$0
NORESTE,DIV MONTERREY,4210,150 SAN NICOLAS DE LOS GARZA,RT008,200000115,Super El Progreso 72,non digital,0 %,$0
NORESTE,DIV MONTERREY,4210,150 SAN NICOLAS DE LOS GARZA,RT008,200000118,Mercadito Del Norte 89,non digital,0 %,$0
NORESTE,DIV MONTERREY,4210,150 SAN NICOLAS DE LOS GARZA,RT008,200000122,Mercadito Buena Vista 14,non digital,0 %,$0
NORESTE,DIV MONTERREY,4210,150 SAN NICOLAS DE LOS GARZA,RT008,200000263,Super Del Valle 40,non digital,0 %,$0
NORESTE,DIV MONTERREY,4210,150 SAN NICOLAS DE LOS GARZA,RT008,200000291,Super Del Valle 75,non digital,0 %,$0
NORESTE,DIV MONTERREY,4210,150 SAN NICOLAS DE LOS GARZA,RT008,200000295,Bodega La Perla 25,non digital,0 %,$0
NORESTE,DIV MONTERREY,4210,150 SAN NICOLAS DE LOS GARZA,RT008,200000330,Minisuper La Esperanza 79,non digital,0 %,$0
NORESTE,DIV MONTERREY,4210,150 SAN NICOLAS DE LOS GARZA,RT008,200000361,Depósito La Victoria 13,non digital,0 %,$0
NORESTE,DIV MONTERREY,4210,150 SAN NICOLAS DE LOS GARZA,RT008,200000467,Bodega La Perla 10,non digital,0 %,$0
NORESTE,DIV MONTERREY,4210,150 SAN NICOLAS DE LOS GARZA,RT008,200000614,Depósito Buena Vista 89,non digital,0 %,$0
NORESTE,DIV MONTERREY,4210,150 SAN NICOLAS DE LOS GARZA,RT008,200000697,Minisuper Buena Vista 11,non digital,0 %,$0
NORESTE,DIV MONTERREY,4210,150 SAN NICOLAS DE LOS GARZA,RT008,200000756,Tienda Las Flores 59,non digital,0 %,$0
NORESTE,DIV MONTERREY,4210,150 SAN NICOLAS DE LOS GARZA,RT008,200000764,Mercadito Los Alamos 56,non digital,0 %,$0
NORESTE,DIV MONTERREY,4210,150 SAN NICOLAS DE LOS GARZA,RT008,200000790,Depósito Las Flores 38,non digital,0 %,$0
NORESTE,DIV MONTERREY,4210,150 SAN NICOLAS DE LOS GARZA,RT008,200000791,Mercadito La Fortuna 4,non digital,0 %,$0
NORESTE,DIV MONTERREY,4210,150 SAN NICOLAS DE LOS GARZA,RT008,200000793,Frutería El Mirador 44,non digital,0 %,$0
NORESTE,DIV MONTERREY,4210,150 SAN NICOLAS DE LOS GARZA,RT008,200000794,Mini Market El Mirador 93,non digital,0 %,$0
NORESTE,DIV MONTERREY,4210,150 SAN NICOLAS DE LOS GARZA,RT008,200000795,Bodega El Trebol 48,non digital,0 %,$0
NORESTE,DIV MONTERREY,4210,150 SAN NICOLAS DE LOS GARZA,RT008,200000870,Minisuper Del Valle 2,non digital,0 %,$0
NORESTE,DIV MONTERREY,4210,150 SAN NICOLAS DE LOS GARZA,RT008,200000886,Minisuper La Victoria 53,non digital,0 %,$0
NORESTE,DIV MONTERREY,4210,150 SAN NICOLAS DE LOS GARZA,RT008,200000888,Super Los Alamos 55,non digital,0 %,$0
NORESTE,DIV MONTERREY,4210,150 SAN NICOLAS DE LOS GARZA,RT008,200000896,Super El Encanto 21,non digital,0 %,$0
NORESTE,DIV MONTERREY,4210,150 SAN NICOLAS DE LOS GARZA,RT008,200000940,Abarrotes El Sol 72,non digital,0 %,$0
NORESTE,DIV MONTERREY,4210,150 SAN NICOLAS DE LOS GARZA,RT008,200001077,Abarrotes El Trebol 83,non digital,0 %,$0
NORESTE,DIV MONTERREY,4210,150 SAN NICOLAS DE LOS GARZA,RT008,200001090,Mini Market La Victoria 28,non digital,0 %,$0
NORESTE,DIV MONTERREY,4210,150 SAN NICOLAS DE LOS GARZA,RT008,200001092,Comercial El Trebol 66,non digital,0 %,$0
NORESTE,DIV MONTERREY,4210,150 SAN NICOLAS DE LOS GARZA,RT008,200001140,Minisuper La Esperanza 69,non digital,0 %,$0
NORESTE,DIV MONTERREY,4210,150 SAN NICOLAS DE LOS GARZA,RT008,200001141,Super Los Alamos 13,non digital,0 %,$0
NORESTE,DIV MONTERREY,4210,150 SAN NICOLAS DE LOS GARZA,RT008,200001188,Comercial Santa Fe 23,non digital,0 %,$0
NORESTE,DIV MONTERREY,4210,150 SAN NICOLAS DE LOS GARZA,RT008,200001194,Minisuper Del Valle 28,non digital,0 %,$0
NORESTE,DIV MONTERREY,4210,150 SAN NICOLAS DE LOS GARZA,RT008,200001250,Mini Market Los Pinos 70,non digital,0 %,$0
NORESTE,DIV MONTERREY,4210,150 SAN NICOLAS DE LOS GARZA,RT008,200001339,Comercial El Encanto 27,non digital,0 %,$0
NORESTE,DIV MONTERREY,4210,150 SAN NICOLAS DE LOS GARZA,RT008,200001378,Bodega El Mirador 10,non digital,0 %,$0
NORESTE,DIV MONTERREY,4210,150 SAN NICOLAS DE LOS GARZA,RT008,200001408,Mercadito La Perla 58,non digital,0 %,$0
NORESTE,DIV MONTERREY,4210,150 SAN NICOLAS DE LOS GARZA,RT008,200001411,Comercial La Perla 99,non digital,0 %,$0
NORESTE,DIV MONTERREY,4210,150 SAN NICOLAS DE LOS GARZA,RT008,200001456,Tienda El Mirador 81,non digital,0 %,$0
NORESTE,DIV MONTERREY,4210,150 SAN NICOLAS DE LOS GARZA,RT008,200001464,Bodega El Roble 20,non digital,0 %,$0
NORESTE,DIV MONTERREY,4210,150 SAN NICOLAS DE LOS GARZA,RT008,200001485,Depósito Buena Vista 68,non digital,0 %,$0
NORESTE,DIV MONTERREY,4210,150 SAN NICOLAS DE LOS GARZA,RT008,200001502,Abarrotes El Encanto 35,non digital,0 %,$0
NORESTE,DIV MONTERREY,4210,150 SAN NICOLAS DE LOS GARZA,RT008,200001504,Bodega Las Flores 5,non digital,0 %,$0
NORESTE,DIV MONTERREY,4210,150 SAN NICOLAS DE LOS GARZA,RT008,200001505,Mercadito La Fortuna 1,non digital,0 %,$0
NORESTE,DIV MONTERREY,4210,150 SAN NICOLAS DE LOS GARZA,RT008,200001579,Comercial Los Alamos 82,non digital,0 %,$0
NORESTE,DIV MONTERREY,4210,150 SAN NICOLAS DE LOS GARZA,RT008,200001590,Comercial La Victoria 56,non digital,0 %,$0
NORESTE,DIV MONTERREY,4210,150 SAN NICOLAS DE LOS GARZA,RT008,200001616,Tienda El Sol 20,non digital,0 %,$0
NORESTE,DIV MONTERREY,4210,150 SAN NICOLAS DE LOS GARZA,RT008,200001618,Super La Victoria 34,non digital,0 %,$0
NORESTE,DIV MONTERREY,4210,150 SAN NICOLAS DE LOS GARZA,RT008,200001622,Minisuper La Fortuna 18,non digital,0 %,$0
NORESTE,DIV MONTERREY,4210,150 SAN NICOLAS DE LOS GARZA,RT008,200001629,Minisuper La Esperanza 53,non digital,0 %,$0
NORESTE,DIV MONTERREY,4210,150 SAN NICOLAS DE LOS GARZA,RT008,200001678,Mercadito Santa Cruz 53,non digital,0 %,$0
NORESTE,DIV MONTERREY,4210,150 SAN NICOLAS DE LOS GARZA,RT008,200001729,Minisuper La Perla 27,non digital,0 %,$0
NORESTE,DIV MONTERREY,4210,150 SAN NICOLAS DE LOS GARZA,RT008,200001730,Mercadito La Victoria 67,non digital,0 %,$0
NORESTE,DIV MONTERREY,4210,150 SAN NICOLAS DE LOS GARZA,RT008,200001731,Minisuper El Progreso 53,non digital,0 %,$0
NORESTE,DIV MONTERREY,4210,150 SAN NICOLAS DE LOS GARZA,RT008,200001732,Tienda La Fortuna 46,non digital,0 %,$0
NORESTE,DIV MONTERREY,4210,150 SAN NICOLAS DE LOS GARZA,RT008,200001735,Frutería El Roble 58,non digital,0 %,$0
NORESTE,DIV MONTERREY,4210,150 SAN NICOLAS DE LOS GARZA,RT008,200001737,Frutería El Sol 16,non digital,0 %,$0
NORESTE,DIV MONTERREY,4210,150 SAN NICOLAS DE LOS GARZA,RT008,200001791,Comercial Las Flores 5,non digital,0 %,$0
NORESTE,DIV MONTERREY,4210,150 SAN NICOLAS DE LOS GARZA,RT008,200001792,Abarrotes El Mirador 50,non digital,0 %,$0
NORESTE,DIV MONTERREY,4210,150 SAN NICOLAS DE LOS GARZA,RT008,200001796,Bodega Los Alamos 55,non digital,0 %,$0
NORESTE,DIV MONTERREY,4210,150 SAN NICOLAS DE LOS GARZA,RT008,200001801,Super Los Pinos 71,non digital,0 %,$0
NORESTE,DIV MONTERREY,4210,150 SAN NICOLAS DE LOS GARZA,RT008,200001806,Mercadito El Mirador 51,non digital,0 %,$0
NORESTE,DIV MONTERREY,4210,150 SAN NICOLAS DE LOS GARZA,RT008,200001812,Super San José 41,non digital,0 %,$0
NORESTE,DIV MONTERREY,4210,150 SAN NICOLAS DE LOS GARZA,RT008,200001813,Abarrotes El Sol 34,non digital,0 %,$0
NORESTE,DIV MONTERREY,4210,150 SAN NICOLAS DE LOS GARZA,RT008,200001814,Minisuper La Esperanza 74,non digital,0 %,$0
NORESTE,DIV MONTERREY,4210,150 SAN NICOLAS DE LOS GARZA,RT008,200001818,Tienda La Esperanza 96,non digital,0 %,$0
NORESTE,DIV MONTERREY,4210,150 SAN NICOLAS DE LOS GARZA,RT008,200001837,Bodega La Fortuna 36,non digital,0 %,$0
NORESTE,DIV MONTERREY,4210,150 SAN NICOLAS DE LOS GARZA,RT008,200001842,Minisuper Los Alamos 13,non digital,0 %,$0
NORESTE,DIV MONTERREY,4210,150 SAN NICOLAS DE LOS GARZA,RT008,200001853,Bodega Santa Fe 18,non digital,0 %,$0
NORESTE,DIV MONTERREY,4210,150 SAN NICOLAS DE LOS GARZA,RT008,200001938,Tienda El Sol 84,non digital,0 %,$0
NORESTE,DIV MONTERREY,4210,150 SAN NICOLAS DE LOS GARZA,RT008,200001987,Super Los Pinos 73,non digital,0 %,$0
NORESTE,DIV MONTERREY,4210,150 SAN NICOLAS DE LOS GARZA,RT008,200002000,Mini Market La Esperanza 17,non digital,0 %,$0
NORESTE,DIV MONTERREY,4210,150 SAN NICOLAS DE LOS GARZA,RT008,200002010,Mini Market Del Norte 70,non digital,0 %,$0
NORESTE,DIV MONTERREY,4210,150 SAN NICOLAS DE LOS GARZA,RT008,200002021,Super El Sol 20,non digital,0 %,$0
NORESTE,DIV MONTERREY,4210,150 SAN NICOLAS DE LOS GARZA,RT009,200000100,Comercial El Mirador 75,non digital,0 %,$0
NORESTE,DIV MONTERREY,4210,150 SAN NICOLAS DE LOS GARZA,RT009,200000166,Depósito El Sol 31,non digital,0 %,$0
NORESTE,DIV MONTERREY,4210,150 SAN NICOLAS DE LOS GARZA,RT009,200000184,Depósito Las Flores 54,non digital,0 %,$0
NORESTE,DIV MONTERREY,4210,150 SAN NICOLAS DE LOS GARZA,RT009,200000189,Minisuper La Perla 47,non digital,0 %,$0
NORESTE,DIV MONTERREY,4210,150 SAN NICOLAS DE LOS GARZA,RT009,200000221,Mini Market Los Pinos 69,non digital,0 %,$0
NORESTE,DIV MONTERREY,4210,150 SAN NICOLAS DE LOS GARZA,RT009,200000248,Comercial La Esperanza 78,non digital,0 %,$0
NORESTE,DIV MONTERREY,4210,150 SAN NICOLAS DE LOS GARZA,RT009,200000254,Super La Unión 24,non digital,0 %,$0
NORESTE,DIV MONTERREY,4210,150 SAN NICOLAS DE LOS GARZA,RT009,200000267,Depósito Los Alamos 64,non digital,0 %,$0
NORESTE,DIV MONTERREY,4210,150 SAN NICOLAS DE LOS GARZA,RT009,200000275,Mercadito Santa Fe 7,non digital,0 %,$0
NORESTE,DIV MONTERREY,4210,150 SAN NICOLAS DE LOS GARZA,RT009,200000286,Depósito La Unión 32,non digital,0 %,$0
NORESTE,DIV MONTERREY,4210,150 SAN NICOLAS DE LOS GARZA,RT009,200000317,Comercial La Perla 4,non digital,0 %,$0
NORESTE,DIV MONTERREY,4210,150 SAN NICOLAS DE LOS GARZA,RT009,200000331,Mini Market Buena Vista 81,non digital,0 %,$0
NORESTE,DIV MONTERREY,4210,150 SAN NICOLAS DE LOS GARZA,RT009,200000343,Depósito Los Pinos 26,non digital,0 %,$0
NORESTE,DIV MONTERREY,4210,150 SAN NICOLAS DE LOS GARZA,RT009,200000369,Mercadito San José 95,non digital,0 %,$0
NORESTE,DIV MONTERREY,4210,150 SAN NICOLAS DE LOS GARZA,RT009,200000376,Frutería Del Norte 58,non digital,0 %,$0
NORESTE,DIV MONTERREY,4210,150 SAN NICOLAS DE LOS GARZA,RT009,200000382,Super La Fortuna 68,non digital,0 %,$0
NORESTE,DIV MONTERREY,4210,150 SAN NICOLAS DE LOS GARZA,RT009,200000414,Super El Mirador 38,non digital,0 %,$0
NORESTE,DIV MONTERREY,4210,150 SAN NICOLAS DE LOS GARZA,RT009,200000435,Bodega El Mirador 61,non digital,0 %,$0
NORESTE,DIV MONTERREY,4210,150 SAN NICOLAS DE LOS GARZA,RT009,200000457,Comercial La Unión 61,non digital,0 %,$0
NORESTE,DIV MONTERREY,4210,150 SAN NICOLAS DE LOS GARZA,RT009,200000461,Comercial Del Norte 57,non digital,0 %,$0
NORESTE,DIV MONTERREY,4210,150 SAN NICOLAS DE LOS GARZA,RT009,200000473,Minisuper Santa Fe 14,non digital,0 %,$0
NORESTE,DIV MONTERREY,4210,150 SAN NICOLAS DE LOS GARZA,RT009,200000480,Comercial El Sol 15,non digital,0 %,$0
NORESTE,DIV MONTERREY,4210,150 SAN NICOLAS DE LOS GARZA,RT009,200000499,Tienda Las Flores 83,non digital,0 %,$0
NORESTE,DIV MONTERREY,4210,150 SAN NICOLAS DE LOS GARZA,RT009,200000504,Minisuper El Mirador 68,non digital,0 %,$0
NORESTE,DIV MONTERREY,4210,150 SAN NICOLAS DE LOS GARZA,RT009,200000505,Frutería La Unión 51,non digital,0 %,$0
NORESTE,DIV MONTERREY,4210,150 SAN NICOLAS DE LOS GARZA,RT009,200000521,Bodega San José 42,non digital,0 %,$0
NORESTE,DIV MONTERREY,4210,150 SAN NICOLAS DE LOS GARZA,RT009,200000522,Minisuper El Sol 45,non digital,0 %,$0
NORESTE,DIV MONTERREY,4210,150 SAN NICOLAS DE LOS GARZA,RT009,200000527,Super La Fortuna 3,non digital,0 %,$0
NORESTE,DIV MONTERREY,4210,150 SAN NICOLAS DE LOS GARZA,RT009,200000542,Frutería Las Flores 53,non digital,0 %,$0
NORESTE,DIV MONTERREY,4210,150 SAN NICOLAS DE LOS GARZA,RT009,200000563,Comercial El Encanto 95,non digital,0 %,$0
NORESTE,DIV MONTERREY,4210,150 SAN NICOLAS DE LOS GARZA,RT009,200000566,Frutería San José 60,non digital,0 %,$0
NORESTE,DIV MONTERREY,4210,150 SAN NICOLAS DE LOS GARZA,RT009,200000601,Mini Market Santa Fe 8,non digital,0 %,$0
NORESTE,DIV MONTERREY,4210,150 SAN NICOLAS DE LOS GARZA,RT009,200000641,Abarrotes Santa Fe 8,non digital,0 %,$0
NORESTE,DIV MONTERREY,4210,150 SAN NICOLAS DE LOS GARZA,RT009,200000649,Mercadito Los Pinos 24,non digital,0 %,$0
NORESTE,DIV MONTERREY,4210,150 SAN NICOLAS DE LOS GARZA,RT009,200000711,Frutería La Unión 62,non digital,0 %,$0
NORESTE,DIV MONTERREY,4210,150 SAN NICOLAS DE LOS GARZA,RT009,200000745,Mercadito La Fortuna 20,non digital,0 %,$0
NORESTE,DIV MONTERREY,4210,150 SAN NICOLAS DE LOS GARZA,RT009,200000796,Abarrotes La Victoria 65,non digital,0 %,$0
NORESTE,DIV MONTERREY,4210,150 SAN NICOLAS DE LOS GARZA,RT009,200000838,Super El Progreso 77,non digital,0 %,$0
NORESTE,DIV MONTERREY,4210,150 SAN NICOLAS DE LOS GARZA,RT009,200000906,Depósito Las Flores 76,non digital,0 %,$0
NORESTE,DIV MONTERREY,4210,150 SAN NICOLAS DE LOS GARZA,RT009,200000908,Bodega Santa Fe 52,non digital,0 %,$0
NORESTE,DIV MONTERREY,4210,150 SAN NICOLAS DE LOS GARZA,RT009,200000918,Mercadito Las Flores 19,non digital,0 %,$0
NORESTE,DIV MONTERREY,4210,150 SAN NICOLAS DE LOS GARZA,RT009,200000933,Mini Market Las Flores 87,non digital,0 %,$0
NORESTE,DIV MONTERREY,4210,150 SAN NICOLAS DE LOS GARZA,RT009,200000936,Bodega Del Valle 62,non digital,0 %,$0
NORESTE,DIV MONTERREY,4210,150 SAN NICOLAS DE LOS GARZA,RT009,200000954,Bodega Los Pinos 22,non digital,0 %,$0
NORESTE,DIV MONTERREY,4210,150 SAN NICOLAS DE LOS GARZA,RT009,200000955,Mini Market La Victoria 35,non digital,0 %,$0
NORESTE,DIV MONTERREY,4210,150 SAN NICOLAS DE LOS GARZA,RT009,200000960,Mercadito Los Pinos 22,non digital,0 %,$0
NORESTE,DIV MONTERREY,4210,150 SAN NICOLAS DE LOS GARZA,RT009,200000964,Mercadito El Mirador 18,non digital,0 %,$0
NORESTE,DIV MONTERREY,4210,150 SAN NICOLAS DE LOS GARZA,RT009,200000985,Depósito El Progreso 24,non digital,0 %,$0
NORESTE,DIV MONTERREY,4210,150 SAN NICOLAS DE LOS GARZA,RT009,200001071,Minisuper La Perla 19,non digital,0 %,$0
NORESTE,DIV MONTERREY,4210,150 SAN NICOLAS DE LOS GARZA,RT009,200001117,Depósito Los Pinos 44,non digital,0 %,$0
NORESTE,DIV MONTERREY,4210,150 SAN NICOLAS DE LOS GARZA,RT009,200001433,Comercial La Esperanza 39,non digital,0 %,$0
NORESTE,DIV MONTERREY,4210,150 SAN NICOLAS DE LOS GARZA,RT009,200001435,Minisuper Santa Fe 7,non digital,0 %,$0
NORESTE,DIV MONTERREY,4210,150 SAN NICOLAS DE LOS GARZA,RT009,200001436,Comercial La Esperanza 18,non digital,0 %,$0
NORESTE,DIV MONTERREY,4210,150 SAN NICOLAS DE LOS GARZA,RT009,200001442,Abarrotes El Sol 3,non digital,0 %,$0
NORESTE,DIV MONTERREY,4210,150 SAN NICOLAS DE LOS GARZA,RT009,200001475,Tienda La Esperanza 67,non digital,0 %,$0
NORESTE,DIV MONTERREY,4210,150 SAN NICOLAS DE LOS GARZA,RT009,200001476,Frutería Los Pinos 70,non digital,0 %,$0
NORESTE,DIV MONTERREY,4210,150 SAN NICOLAS DE LOS GARZA,RT009,200001477,Depósito El Trebol 39,non digital,0 %,$0
NORESTE,DIV MONTERREY,4210,150 SAN NICOLAS DE LOS GARZA,RT009,200001497,Bodega El Roble 69,non digital,0 %,$0
NORESTE,DIV MONTERREY,4210,150 SAN NICOLAS DE LOS GARZA,RT009,200001539,Bodega El Mirador 65,non digital,0 %,$0
NORESTE,DIV MONTERREY,4210,150 SAN NICOLAS DE LOS GARZA,RT009,200001541,Depósito El Roble 18,non digital,0 %,$0
NORESTE,DIV MONTERREY,4210,150 SAN NICOLAS DE LOS GARZA,RT009,200001577,Minisuper Los Pinos 48,non digital,0 %,$0
NORESTE,DIV MONTERREY,4210,150 SAN NICOLAS DE LOS GARZA,RT009,200001582,Bodega La Fortuna 43,non digital,0 %,$0
NORESTE,DIV MONTERREY,4210,150 SAN NICOLAS DE LOS GARZA,RT009,200001587,Minisuper El Trebol 95,non digital,0 %,$0
NORESTE,DIV MONTERREY,4210,150 SAN NICOLAS DE LOS GARZA,RT009,200001589,Mercadito El Trebol 14,non digital,0 %,$0
NORESTE,DIV MONTERREY,4210,150 SAN NICOLAS DE LOS GARZA,RT009,200001627,Minisuper San José 12,non digital,0 %,$0
NORESTE,DIV MONTERREY,4210,150 SAN NICOLAS DE LOS GARZA,RT009,200001664,Comercial Las Flores 56,non digital,0 %,$0
NORESTE,DIV MONTERREY,4210,150 SAN NICOLAS DE LOS GARZA,RT009,200001706,Depósito Santa Fe 86,non digital,0 %,$0
NORESTE,DIV MONTERREY,4210,150 SAN NICOLAS DE LOS GARZA,RT009,200001721,Bodega La Fortuna 83,non digital,0 %,$0
NORESTE,DIV MONTERREY,4210,150 SAN NICOLAS DE LOS GARZA,RT009,200001830,Frutería Los Alamos 32,non digital,0 %,$0
NORESTE,DIV MONTERREY,4210,150 SAN NICOLAS DE LOS GARZA,RT009,200001946,Frutería Del Norte 63,non digital,0 %,$0
NORESTE,DIV MONTERREY,4210,150 SAN NICOLAS DE LOS GARZA,RT009,200001957,Tienda El Trebol 8,non digital,0 %,$0
NORESTE,DIV MONTERREY,4210,150 SAN NICOLAS DE LOS GARZA,RT009,200002017,Mini Market Del Norte 69,non digital,0 %,$0
NORESTE,DIV MONTERREY,4210,150 SAN NICOLAS DE LOS GARZA,RT009,200002020,Mini Market El Mirador 41,non digital,0 %,$0
NORESTE,DIV MONTERREY,4210,150 SAN NICOLAS DE LOS GARZA,RT009,200002024,Depósito Buena Vista 35,non digital,0 %,$0
NORESTE,DIV MONTERREY,4210,150 SAN NICOLAS DE LOS GARZA,RT009,200002033,Bodega El Encanto 37,non digital,0 %,$0
NORESTE,DIV MONTERREY,4210,150 SAN NICOLAS DE LOS GARZA,RT009,200002052,Minisuper Santa Cruz 46,non digital,0 %,$0
NORESTE,DIV MONTERREY,4210,150 SAN NICOLAS DE LOS GARZA,RT010,200000007,Comercial El Encanto 31,non digital,0 %,$0
NORESTE,DIV MONTERREY,4210,150 SAN NICOLAS DE LOS GARZA,RT010,200000123,Super Los Alamos 11,non digital,0 %,$0
NORESTE,DIV MONTERREY,4210,150 SAN NICOLAS DE LOS GARZA,RT010,200000127,Depósito El Sol 94,non digital,0 %,$0
NORESTE,DIV MONTERREY,4210,150 SAN NICOLAS DE LOS GARZA,RT010,200000149,Minisuper El Sol 29,non digital,0 %,$0
NORESTE,DIV MONTERREY,4210,150 SAN NICOLAS DE LOS GARZA,RT010,200000176,Super Los Alamos 44,non digital,0 %,$0
NORESTE,DIV MONTERREY,4210,150 SAN NICOLAS DE LOS GARZA,RT010,200000204,Frutería Santa Cruz 12,non digital,0 %,$0
NORESTE,DIV MONTERREY,4210,150 SAN NICOLAS DE LOS GARZA,RT010,200000242,Mercadito El Encanto 12,non digital,0 %,$0
NORESTE,DIV MONTERREY,4210,150 SAN NICOLAS DE LOS GARZA,RT010,200000334,Minisuper La Perla 69,non digital,0 %,$0
NORESTE,DIV MONTERREY,4210,150 SAN NICOLAS DE LOS GARZA,RT010,200000377,Abarrotes Los Pinos 96,non digital,0 %,$0
NORESTE,DIV MONTERREY,4210,150 SAN NICOLAS DE LOS GARZA,RT010,200000420,Super San José 21,non digital,0 %,$0
NORESTE,DIV MONTERREY,4210,150 SAN NICOLAS DE LOS GARZA,RT010,200000502,Comercial Buena Vista 53,non digital,0 %,$0
NORESTE,DIV MONTERREY,4210,150 SAN NICOLAS DE LOS GARZA,RT010,200000572,Depósito Buena Vista 83,non digital,0 %,$0
NORESTE,DIV MONTERREY,4210,150 SAN NICOLAS DE LOS GARZA,RT010,200000575,Comercial El Roble 20,non digital,0 %,$0
NORESTE,DIV MONTERREY,4210,150 SAN NICOLAS DE LOS GARZA,RT010,200000911,Minisuper Del Norte 27,non digital,0 %,$0
NORESTE,DIV MONTERREY,4210,150 SAN NICOLAS DE LOS GARZA,RT010,200001116,Comercial La Esperanza 27,non digital,0 %,$0
NORESTE,DIV MONTERREY,4210,150 SAN NICOLAS DE LOS GARZA,RT010,200001222,Bodega El Encanto 67,non digital,0 %,$0
NORESTE,DIV MONTERREY,4210,150 SAN NICOLAS DE LOS GARZA,RT010,200001223,Comercial Del Norte 63,non digital,0 %,$0
NORESTE,DIV MONTERREY,4210,150 SAN NICOLAS DE LOS GARZA,RT010,200001413,Tienda Santa Cruz 23,non digital,0 %,$0
NORESTE,DIV MONTERREY,4210,150 SAN NICOLAS DE LOS GARZA,RT010,200001666,Minisuper Santa Cruz 20,non digital,0 %,$0
NORESTE,DIV MONTERREY,4210,150 SAN NICOLAS DE LOS GARZA,RT011,200000014,Depósito El Encanto 2,non digital,0 %,$0
NORESTE,DIV MONTERREY,4210,150 SAN NICOLAS DE LOS GARZA,RT011,200000015,Minisuper Los Pinos 68,non digital,0 %,$0
NORESTE,DIV MONTERREY,4210,150 SAN NICOLAS DE LOS GARZA,RT011,200000052,Minisuper El Sol 94,non digital,0 %,$0
NORESTE,DIV MONTERREY,4210,150 SAN NICOLAS DE LOS GARZA,RT011,200000124,Bodega El Encanto 27,non digital,0 %,$0
NORESTE,DIV MONTERREY,4210,150 SAN NICOLAS DE LOS GARZA,RT011,200000129,Super La Victoria 65,non digital,0 %,$0
NORESTE,DIV MONTERREY,4210,150 SAN NICOLAS DE LOS GARZA,RT011,200000135,Frutería La Esperanza 44,non digital,0 %,$0
NORESTE,DIV MONTERREY,4210,150 SAN NICOLAS DE LOS GARZA,RT011,200000136,Tienda La Fortuna 97,non digital,0 %,$0
NORESTE,DIV MONTERREY,4210,150 SAN NICOLAS DE LOS GARZA,RT011,200000140,Minisuper El Encanto 40,non digital,0 %,$0
NORESTE,DIV MONTERREY,4210,150 SAN NICOLAS DE LOS GARZA,RT011,200000151,Tienda El Trebol 1,non digital,0 %,$0
NORESTE,DIV MONTERREY,4210,150 SAN NICOLAS DE LOS GARZA,RT011,200000152,Comercial El Sol 27,non digital,0 %,$0
NORESTE,DIV MONTERREY,4210,150 SAN NICOLAS DE LOS GARZA,RT011,200000154,Super La Victoria 2,non digital,0 %,$0
NORESTE,DIV MONTERREY,4210,150 SAN NICOLAS DE LOS GARZA,RT011,200000159,Abarrotes El Trebol 21,non digital,0 %,$0
NORESTE,DIV MONTERREY,4210,150 SAN NICOLAS DE LOS GARZA,RT011,200000168,Bodega La Esperanza 42,non digital,0 %,$0
NORESTE,DIV MONTERREY,4210,150 SAN NICOLAS DE LOS GARZA,RT011,200000172,Minisuper La Esperanza 96,non digital,0 %,$0
NORESTE,DIV MONTERREY,4210,150 SAN NICOLAS DE LOS GARZA,RT011,200000174,Abarrotes Del Norte 36,non digital,0 %,$0
NORESTE,DIV MONTERREY,4210,150 SAN NICOLAS DE LOS GARZA,RT011,200000178,Frutería La Perla 61,non digital,0 %,$0
NORESTE,DIV MONTERREY,4210,150 SAN NICOLAS DE LOS GARZA,RT011,200000181,Bodega Santa Fe 71,non digital,0 %,$0
NORESTE,DIV MONTERREY,4210,150 SAN NICOLAS DE LOS GARZA,RT011,200000185,Minisuper El Trebol 35,non digital,0 %,$0
NORESTE,DIV MONTERREY,4210,150 SAN NICOLAS DE LOS GARZA,RT011,200000191,Mini Market Las Flores 83,non digital,0 %,$0
NORESTE,DIV MONTERREY,4210,150 SAN NICOLAS DE LOS GARZA,RT011,200000192,Frutería Del Valle 55,non digital,0 %,$0
NORESTE,DIV MONTERREY,4210,150 SAN NICOLAS DE LOS GARZA,RT011,200000194,Bodega San José 91,non digital,0 %,$0
NORESTE,DIV MONTERREY,4210,150 SAN NICOLAS DE LOS GARZA,RT011,200000200,Mini Market Las Flores 37,non digital,0 %,$0
NORESTE,DIV MONTERREY,4210,150 SAN NICOLAS DE LOS GARZA,RT011,200000218,Tienda Del Norte 4,non digital,0 %,$0
NORESTE,DIV MONTERREY,4210,150 SAN NICOLAS DE LOS GARZA,RT011,200000262,Minisuper El Encanto 17,non digital,0 %,$0
NORESTE,DIV MONTERREY,4210,150 SAN NICOLAS DE LOS GARZA,RT011,200000266,Mini Market La Victoria 55,non digital,0 %,$0
NORESTE,DIV MONTERREY,4210,150 SAN NICOLAS DE LOS GARZA,RT011,200000285,Bodega El Mirador 61,non digital,0 %,$0
NORESTE,DIV MONTERREY,4210,150 SAN NICOLAS DE LOS GARZA,RT011,200000289,Bodega Santa Cruz 96,non digital,0 %,$0
NORESTE,DIV MONTERREY,4210,150 SAN NICOLAS DE LOS GARZA,RT011,200000360,Frutería La Unión 13,non digital,0 %,$0
NORESTE,DIV MONTERREY,4210,150 SAN NICOLAS DE LOS GARZA,RT011,200000370,Mini Market Los Pinos 55,non digital,0 %,$0
NORESTE,DIV MONTERREY,4210,150 SAN NICOLAS DE LOS GARZA,RT011,200000378,Abarrotes El Progreso 10,non digital,0 %,$0
NORESTE,DIV MONTERREY,4210,150 SAN NICOLAS DE LOS GARZA,RT011,200000395,Comercial Del Valle 52,non digital,0 %,$0
NORESTE,DIV MONTERREY,4210,150 SAN NICOLAS DE LOS GARZA,RT011,200000407,Depósito El Mirador 16,non digital,0 %,$0
NORESTE,DIV MONTERREY,4210,150 SAN NICOLAS DE LOS GARZA,RT011,200000431,Frutería San José 73,non digital,0 %,$0
NORESTE,DIV MONTERREY,4210,150 SAN NICOLAS DE LOS GARZA,RT011,200000436,Super La Fortuna 92,non digital,0 %,$0
NORESTE,DIV MONTERREY,4210,150 SAN NICOLAS DE LOS GARZA,RT011,200000441,Tienda El Sol 62,non digital,0 %,$0
NORESTE,DIV MONTERREY,4210,150 SAN NICOLAS DE LOS GARZA,RT011,200000449,Super Santa Fe 93,non digital,0 %,$0
NORESTE,DIV MONTERREY,4210,150 SAN NICOLAS DE LOS GARZA,RT011,200000452,Bodega Santa Fe 78,non digital,0 %,$0
NORESTE,DIV MONTERREY,4210,150 SAN NICOLAS DE LOS GARZA,RT011,200000464,Depósito Los Alamos 82,non digital,0 %,$0
NORESTE,DIV MONTERREY,4210,150 SAN NICOLAS DE LOS GARZA,RT011,200000477,Mini Market La Unión 75,non digital,0 %,$0
NORESTE,DIV MONTERREY,4210,150 SAN NICOLAS DE LOS GARZA,RT011,200000495,Bodega La Unión 30,non digital,0 %,$0
NORESTE,DIV MONTERREY,4210,150 SAN NICOLAS DE LOS GARZA,RT011,200000513,Comercial La Victoria 59,non digital,0 %,$0
NORESTE,DIV MONTERREY,4210,150 SAN NICOLAS DE LOS GARZA,RT011,200000518,Depósito Las Flores 38,non digital,0 %,$0
NORESTE,DIV MONTERREY,4210,150 SAN NICOLAS DE LOS GARZA,RT011,200000543,Mini Market Del Valle 97,non digital,0 %,$0
NORESTE,DIV MONTERREY,4210,150 SAN NICOLAS DE LOS GARZA,RT011,200000561,Frutería La Esperanza 24,non digital,0 %,$0
NORESTE,DIV MONTERREY,4210,150 SAN NICOLAS DE LOS GARZA,RT011,200000562,Comercial San José 53,non digital,0 %,$0
NORESTE,DIV MONTERREY,4210,150 SAN NICOLAS DE LOS GARZA,RT011,200000589,Minisuper Santa Cruz 79,non digital,0 %,$0
NORESTE,DIV MONTERREY,4210,150 SAN NICOLAS DE LOS GARZA,RT011,200000775,Bodega La Esperanza 44,non digital,0 %,$0
NORESTE,DIV MONTERREY,4210,150 SAN NICOLAS DE LOS GARZA,RT011,200000780,Bodega El Sol 39,non digital,0 %,$0
NORESTE,DIV MONTERREY,4210,150 SAN NICOLAS DE LOS GARZA,RT011,200000815,Frutería San José 2,non digital,0 %,$0
NORESTE,DIV MONTERREY,4210,150 SAN NICOLAS DE LOS GARZA,RT011,200000818,Tienda Del Norte 1,non digital,0 %,$0
NORESTE,DIV MONTERREY,4210,150 SAN NICOLAS DE LOS GARZA,RT011,200000830,Minisuper La Victoria 72,non digital,0 %,$0
NORESTE,DIV MONTERREY,4210,150 SAN NICOLAS DE LOS GARZA,RT011,200000831,Tienda El Encanto 56,non digital,0 %,$0
NORESTE,DIV MONTERREY,4210,150 SAN NICOLAS DE LOS GARZA,RT011,200000925,Mini Market El Roble 43,non digital,0 %,$0
NORESTE,DIV MONTERREY,4210,150 SAN NICOLAS DE LOS GARZA,RT011,200000927,Depósito Del Norte 81,non digital,0 %,$0
NORESTE,DIV MONTERREY,4210,150 SAN NICOLAS DE LOS GARZA,RT011,200000932,Tienda La Fortuna 1,non digital,0 %,$0
NORESTE,DIV MONTERREY,4210,150 SAN NICOLAS DE LOS GARZA,RT011,200000935,Depósito La Victoria 28,non digital,0 %,$0
NORESTE,DIV MONTERREY,4210,150 SAN NICOLAS DE LOS GARZA,RT011,200000962,Super El Sol 12,non digital,0 %,$0
NORESTE,DIV MONTERREY,4210,150 SAN NICOLAS DE LOS GARZA,RT011,200001006,Mini Market El Progreso 81,non digital,0 %,$0
NORESTE,DIV MONTERREY,4210,150 SAN NICOLAS DE LOS GARZA,RT011,200001007,Mercadito El Roble 25,non digital,0 %,$0
NORESTE,DIV MONTERREY,4210,150 SAN NICOLAS DE LOS GARZA,RT011,200001027,Mini Market La Perla 98,non digital,0 %,$0
NORESTE,DIV MONTERREY,4210,150 SAN NICOLAS DE LOS GARZA,RT011,200001032,Comercial La Unión 19,non digital,0 %,$0
NORESTE,DIV MONTERREY,4210,150 SAN NICOLAS DE LOS GARZA,RT011,200001034,Comercial El Mirador 80,non digital,0 %,$0
NORESTE,DIV MONTERREY,4210,150 SAN NICOLAS DE LOS GARZA,RT011,200001036,Abarrotes El Sol 72,non digital,0 %,$0
NORESTE,DIV MONTERREY,4210,150 SAN NICOLAS DE LOS GARZA,RT011,200001038,Minisuper Santa Fe 54,non digital,0 %,$0
NORESTE,DIV MONTERREY,4210,150 SAN NICOLAS DE LOS GARZA,RT011,200001040,Bodega El Roble 63,non digital,0 %,$0
NORESTE,DIV MONTERREY,4210,150 SAN NICOLAS DE LOS GARZA,RT011,200001043,Mercadito Las Flores 47,non digital,0 %,$0
NORESTE,DIV MONTERREY,4210,150 SAN NICOLAS DE LOS GARZA,RT011,200001051,Tienda El Trebol 76,non digital,0 %,$0
NORESTE,DIV MONTERREY,4210,150 SAN NICOLAS DE LOS GARZA,RT011,200001065,Super Buena Vista 21,non digital,0 %,$0
NORESTE,DIV MONTERREY,4210,150 SAN NICOLAS DE LOS GARZA,RT011,200001066,Minisuper El Mirador 20,non digital,0 %,$0
NORESTE,DIV MONTERREY,4210,150 SAN NICOLAS DE LOS GARZA,RT011,200001067,Mini Market El Encanto 30,non digital,0 %,$0
NORESTE,DIV MONTERREY,4210,150 SAN NICOLAS DE LOS GARZA,RT011,200001069,Mini Market La Esperanza 31,non digital,0 %,$0
NORESTE,DIV MONTERREY,4210,150 SAN NICOLAS DE LOS GARZA,RT011,200001126,Minisuper Del Valle 47,non digital,0 %,$0
NORESTE,DIV MONTERREY,4210,150 SAN NICOLAS DE LOS GARZA,RT011,200001164,Tienda La Esperanza 1,non digital,0 %,$0
NORESTE,DIV MONTERREY,4210,150 SAN NICOLAS DE LOS GARZA,RT011,200001165,Tienda El Sol 92,non digital,0 %,$0
NORESTE,DIV MONTERREY,4210,150 SAN NICOLAS DE LOS GARZA,RT011,200001171,Comercial El Encanto 95,non digital,0 %,$0
NORESTE,DIV MONTERREY,4210,150 SAN NICOLAS DE LOS GARZA,RT011,200001173,Bodega El Sol 14,non digital,0 %,$0
NORESTE,DIV MONTERREY,4210,150 SAN NICOLAS DE LOS GARZA,RT011,200001174,Tienda La Perla 73,non digital,0 %,$0
NORESTE,DIV MONTERREY,4210,150 SAN NICOLAS DE LOS GARZA,RT011,200001175,Super Buena Vista 61,non digital,0 %,$0
NORESTE,DIV MONTERREY,4210,150 SAN NICOLAS DE LOS GARZA,RT011,200001177,Abarrotes San José 57,non digital,0 %,$0
NORESTE,DIV MONTERREY,4210,150 SAN NICOLAS DE LOS GARZA,RT011,200001179,Mini Market El Progreso 16,non digital,0 %,$0
NORESTE,DIV MONTERREY,4210,150 SAN NICOLAS DE LOS GARZA,RT011,200001180,Comercial El Roble 60,non digital,0 %,$0
NORESTE,DIV MONTERREY,4210,150 SAN NICOLAS DE LOS GARZA,RT011,200001211,Super Del Norte 86,non digital,0 %,$0
NORESTE,DIV MONTERREY,4210,150 SAN NICOLAS DE LOS GARZA,RT011,200001225,Super Los Alamos 66,non digital,0 %,$0
NORESTE,DIV MONTERREY,4210,150 SAN NICOLAS DE LOS GARZA,RT011,200001229,Mini Market El Trebol 37,non digital,0 %,$0
NORESTE,DIV MONTERREY,4210,150 SAN NICOLAS DE LOS GARZA,RT011,200001259,Frutería La Victoria 48,non digital,0 %,$0
NORESTE,DIV MONTERREY,4210,150 SAN NICOLAS DE LOS GARZA,RT011,200001296,Tienda El Roble 1,non digital,0 %,$0
NORESTE,DIV MONTERREY,4210,150 SAN NICOLAS DE LOS GARZA,RT011,200001397,Depósito Santa Fe 90,non digital,0 %,$0
NORESTE,DIV MONTERREY,4210,150 SAN NICOLAS DE LOS GARZA,RT011,200001451,Abarrotes El Progreso 7,non digital,0 %,$0
NORESTE,DIV MONTERREY,4210,150 SAN NICOLAS DE LOS GARZA,RT011,200001452,Bodega La Perla 5,non digital,0 %,$0
NORESTE,DIV MONTERREY,4210,150 SAN NICOLAS DE LOS GARZA,RT011,200001478,Minisuper El Progreso 10,non digital,0 %,$0
NORESTE,DIV MONTERREY,4210,150 SAN NICOLAS DE LOS GARZA,RT011,200001486,Tienda Del Valle 96,non digital,0 %,$0
NORESTE,DIV MONTERREY,4210,150 SAN NICOLAS DE LOS GARZA,RT011,200001494,Super Los Alamos 65,non digital,0 %,$0
NORESTE,DIV MONTERREY,4210,150 SAN NICOLAS DE LOS GARZA,RT011,200001495,Mini Market Del Norte 67,non digital,0 %,$0
NORESTE,DIV MONTERREY,4210,150 SAN NICOLAS DE LOS GARZA,RT011,200001548,Frutería Del Valle 35,non digital,0 %,$0
NORESTE,DIV MONTERREY,4210,150 SAN NICOLAS DE LOS GARZA,RT011,200001558,Comercial La Esperanza 56,non digital,0 %,$0
NORESTE,DIV MONTERREY,4210,150 SAN NICOLAS DE LOS GARZA,RT011,200001623,Bodega El Sol 52,non digital,0 %,$0
NORESTE,DIV MONTERREY,4210,150 SAN NICOLAS DE LOS GARZA,RT011,200001670,Bodega Buena Vista 58,non digital,0 %,$0
NORESTE,DIV MONTERREY,4210,150 SAN NICOLAS DE LOS GARZA,RT011,200001679,Comercial Los Alamos 50,non digital,0 %,$0
NORESTE,DIV MONTERREY,4210,150 SAN NICOLAS DE LOS GARZA,RT011,200001738,Bodega Las Flores 73,non digital,0 %,$0
NORESTE,DIV MONTERREY,4210,150 SAN NICOLAS DE LOS GARZA,RT011,200001739,Mini Market El Mirador 59,non digital,0 %,$0
NORESTE,DIV MONTERREY,4210,150 SAN NICOLAS DE LOS GARZA,RT011,200001742,Frutería La Unión 74,non digital,0 %,$0
NORESTE,DIV MONTERREY,4210,150 SAN NICOLAS DE LOS GARZA,RT011,200001779,Tienda El Roble 30,non digital,0 %,$0
NORESTE,DIV MONTERREY,4210,150 SAN NICOLAS DE LOS GARZA,RT011,200001786,Depósito Las Flores 74,non digital,0 %,$0
NORESTE,DIV MONTERREY,4210,150 SAN NICOLAS DE LOS GARZA,RT011,200001787,Tienda El Sol 27,non digital,0 %,$0
NORESTE,DIV MONTERREY,4210,150 SAN NICOLAS DE LOS GARZA,RT011,200001816,Minisuper La Fortuna 25,non digital,0 %,$0
NORESTE,DIV MONTERREY,4210,150 SAN NICOLAS DE LOS GARZA,RT012,200000011,Abarrotes La Perla 96,non digital,0 %,$0
NORESTE,DIV MONTERREY,4210,150 SAN NICOLAS DE LOS GARZA,RT012,200000098,Comercial Santa Cruz 55,non digital,0 %,$0
NORESTE,DIV MONTERREY,4210,150 SAN NICOLAS DE LOS GARZA,RT012,200000208,Mini Market Buena Vista 59,non digital,0 %,$0
NORESTE,DIV MONTERREY,4210,150 SAN NICOLAS DE LOS GARZA,RT012,200000337,Bodega La Perla 76,non digital,0 %,$0
NORESTE,DIV MONTERREY,4210,150 SAN NICOLAS DE LOS GARZA,RT012,200000401,Super El Sol 64,non digital,0 %,$0
NORESTE,DIV MONTERREY,4210,150 SAN NICOLAS DE LOS GARZA,RT012,200000406,Frutería El Encanto 87,non digital,0 %,$0
NORESTE,DIV MONTERREY,4210,150 SAN NICOLAS DE LOS GARZA,RT012,200000428,Minisuper San José 20,non digital,0 %,$0
NORESTE,DIV MONTERREY,4210,150 SAN NICOLAS DE LOS GARZA,RT012,200000496,Bodega San José 67,non digital,0 %,$0
NORESTE,DIV MONTERREY,4210,150 SAN NICOLAS DE LOS GARZA,RT012,200000557,Mercadito La Fortuna 8,non digital,0 %,$0
NORESTE,DIV MONTERREY,4210,150 SAN NICOLAS DE LOS GARZA,RT012,200000574,Super San José 47,non digital,0 %,$0
NORESTE,DIV MONTERREY,4210,150 SAN NICOLAS DE LOS GARZA,RT012,200000576,Frutería La Victoria 5,non digital,0 %,$0
NORESTE,DIV MONTERREY,4210,150 SAN NICOLAS DE LOS GARZA,RT012,200000578,Frutería Del Norte 87,non digital,0 %,$0
NORESTE,DIV MONTERREY,4210,150 SAN NICOLAS DE LOS GARZA,RT012,200000582,Comercial Del Norte 59,non digital,0 %,$0
NORESTE,DIV MONTERREY,4210,150 SAN NICOLAS DE LOS GARZA,RT012,200000585,Minisuper Del Norte 63,non digital,0 %,$0
NORESTE,DIV MONTERREY,4210,150 SAN NICOLAS DE LOS GARZA,RT012,200000866,Mercadito Los Pinos 84,non digital,0 %,$0
NORESTE,DIV MONTERREY,4210,150 SAN NICOLAS DE LOS GARZA,RT012,200000880,Minisuper San José 71,non digital,0 %,$0
NORESTE,DIV MONTERREY,4210,150 SAN NICOLAS DE LOS GARZA,RT012,200000949,Tienda Del Norte 58,non digital,0 %,$0
NORESTE,DIV MONTERREY,4210,150 SAN NICOLAS DE LOS GARZA,RT012,200001081,Mercadito El Trebol 89,non digital,0 %,$0
NORESTE,DIV MONTERREY,4210,150 SAN NICOLAS DE LOS GARZA,RT012,200001101,Depósito El Sol 53,non digital,0 %,$0
NORESTE,DIV MONTERREY,4210,150 SAN NICOLAS DE LOS GARZA,RT012,200001123,Mini Market El Progreso 81,non digital,0 %,$0
NORESTE,DIV MONTERREY,4210,150 SAN NICOLAS DE LOS GARZA,RT012,200001269,Mercadito La Victoria 74,non digital,0 %,$0
NORESTE,DIV MONTERREY,4210,150 SAN NICOLAS DE LOS GARZA,RT012,200001490,Super La Fortuna 65,non digital,0 %,$0
NORESTE,DIV MONTERREY,4210,150 SAN NICOLAS DE LOS GARZA,RT012,200001519,Minisuper Santa Fe 86,non digital,0 %,$0
NORESTE,DIV MONTERREY,4210,150 SAN NICOLAS DE LOS GARZA,RT012,200001523,Comercial La Victoria 95,non digital,0 %,$0
NORESTE,DIV MONTERREY,4210,150 SAN NICOLAS DE LOS GARZA,RT012,200001529,Bodega El Progreso 86,non digital,0 %,$0
NORESTE,DIV MONTERREY,4210,150 SAN NICOLAS DE LOS GARZA,RT012,200001530,Bodega El Encanto 9,non digital,0 %,$0
NORESTE,DIV MONTERREY,4210,150 SAN NICOLAS DE LOS GARZA,RT012,200001532,Super Buena Vista 96,non digital,0 %,$0
NORESTE,DIV MONTERREY,4210,150 SAN NICOLAS DE LOS GARZA,RT012,200001533,Tienda Buena Vista 92,non digital,0 %,$0
NORESTE,DIV MONTERREY,4210,150 SAN NICOLAS DE LOS GARZA,RT012,200001605,Bodega San José 37,non digital,0 %,$0
NORESTE,DIV MONTERREY,4210,150 SAN NICOLAS DE LOS GARZA,RT012,200001698,Depósito La Esperanza 67,non digital,0 %,$0
NORESTE,DIV MONTERREY,4210,150 SAN NICOLAS DE LOS GARZA,RT012,200001728,Mercadito El Encanto 81,non digital,0 %,$0
NORESTE,DIV MONTERREY,4210,150 SAN NICOLAS DE LOS GARZA,RT012,200001827,Super Los Alamos 12,non digital,0 %,$0
NORESTE,DIV MONTERREY,4210,150 SAN NICOLAS DE LOS GARZA,RT012,200001906,Comercial El Mirador 14,non digital,0 %,$0
NORESTE,DIV MONTERREY,4210,150 SAN NICOLAS DE LOS GARZA,RT012,200001930,Mercadito El Progreso 20,non digital,0 %,$0
NORESTE,DIV MONTERREY,4210,150 SAN NICOLAS DE LOS GARZA,RT012,200001931,Super Del Norte 48,non digital,0 %,$0
NORESTE,DIV MONTERREY,4210,150 SAN NICOLAS DE LOS GARZA,RT012,200001934,Abarrotes Del Valle 24,non digital,0 %,$0
NORESTE,DIV MONTERREY,4210,150 SAN NICOLAS DE LOS GARZA,RT012,200001935,Frutería Los Alamos 12,non digital,0 %,$0
NORESTE,DIV MONTERREY,4210,150 SAN NICOLAS DE LOS GARZA,RT012,200001936,Frutería Del Valle 94,non digital,0 %,$0
NORESTE,DIV MONTERREY,4210,150 SAN NICOLAS DE LOS GARZA,RT012,200001941,Bodega El Progreso 15,non digital,0 %,$0
NORESTE,DIV MONTERREY,4210,150 SAN NICOLAS DE LOS GARZA,RT012,200001944,Bodega Las Flores 21,non digital,0 %,$0
NORESTE,DIV MONTERREY,4210,150 SAN NICOLAS DE LOS GARZA,RT012,200001959,Frutería La Perla 78,non digital,0 %,$0
NORESTE,DIV MONTERREY,4210,150 SAN NICOLAS DE LOS GARZA,RT012,200002005,Depósito La Fortuna 23,non digital,0 %,$0
NORESTE,DIV MONTERREY,4210,150 SAN NICOLAS DE LOS GARZA,RT012,200002012,Bodega El Progreso 60,non digital,0 %,$0
NORESTE,DIV MONTERREY,4210,150 SAN NICOLAS DE LOS GARZA,RT012,200002034,Comercial La Fortuna 26,non digital,0 %,$0
NORESTE,DIV MONTERREY,4210,150 SAN NICOLAS DE LOS GARZA,RT013,200000005,Frutería Las Flores 95,non digital,0 %,$0
NORESTE,DIV MONTERREY,4210,150 SAN NICOLAS DE LOS GARZA,RT013,200000012,Tienda El Mirador 99,non digital,0 %,$0
NORESTE,DIV MONTERREY,4210,150 SAN NICOLAS DE LOS GARZA,RT013,200000020,Minisuper Del Valle 90,non digital,0 %,$0
NORESTE,DIV MONTERREY,4210,150 SAN NICOLAS DE LOS GARZA,RT013,200000099,Comercial El Mirador 36,non digital,0 %,$0
NORESTE,DIV MONTERREY,4210,150 SAN NICOLAS DE LOS GARZA,RT013,200000235,Depósito Santa Cruz 90,non digital,0 %,$0
NORESTE,DIV MONTERREY,4210,150 SAN NICOLAS DE LOS GARZA,RT013,200000288,Depósito Buena Vista 94,non digital,0 %,$0
NORESTE,DIV MONTERREY,4210,150 SAN NICOLAS DE LOS GARZA,RT013,200000294,Minisuper Las Flores 64,non digital,0 %,$0
NORESTE,DIV MONTERREY,4210,150 SAN NICOLAS DE LOS GARZA,RT013,200000311,Abarrotes El Progreso 8,non digital,0 %,$0
NORESTE,DIV MONTERREY,4210,150 SAN NICOLAS DE LOS GARZA,RT013,200000325,Minisuper Del Valle 77,non digital,0 %,$0
NORESTE,DIV MONTERREY,4210,150 SAN NICOLAS DE LOS GARZA,RT013,200000362,Bodega La Unión 40,non digital,0 %,$0
NORESTE,DIV MONTERREY,4210,150 SAN NICOLAS DE LOS GARZA,RT013,200000590,Frutería Del Valle 42,non digital,0 %,$0
NORESTE,DIV MONTERREY,4210,150 SAN NICOLAS DE LOS GARZA,RT013,200000821,Mercadito Los Alamos 12,non digital,0 %,$0
NORESTE,DIV MONTERREY,4210,150 SAN NICOLAS DE LOS GARZA,RT013,200000923,Mini Market Santa Fe 44,non digital,0 %,$0
NORESTE,DIV MONTERREY,4210,150 SAN NICOLAS DE LOS GARZA,RT013,200001048,Mini Market Buena Vista 23,non digital,0 %,$0
NORESTE,DIV MONTERREY,4210,150 SAN NICOLAS DE LOS GARZA,RT013,200001252,Mercadito Del Valle 47,non digital,0 %,$0
NORESTE,DIV MONTERREY,4210,150 SAN NICOLAS DE LOS GARZA,RT013,200001272,Mini Market El Encanto 15,non digital,0 %,$0
NORESTE,DIV MONTERREY,4210,150 SAN NICOLAS DE LOS GARZA,RT013,200001429,Mini Market El Sol 40,non digital,0 %,$0
NORESTE,DIV MONTERREY,4210,150 SAN NICOLAS DE LOS GARZA,RT013,200001513,Mini Market Santa Cruz 31,non digital,0 %,$0
NORESTE,DIV MONTERREY,4210,150 SAN NICOLAS DE LOS GARZA,RT013,200001668,Mercadito Santa Cruz 54,non digital,0 %,$0
NORESTE,DIV MONTERREY,4210,150 SAN NICOLAS DE LOS GARZA,RT013,200001782,Minisuper El Progreso 77,non digital,0 %,$0
NORESTE,DIV MONTERREY,4210,150 SAN NICOLAS DE LOS GARZA,RT013,200001900,Mini Market Buena Vista 35,non digital,0 %,$0
NORESTE,DIV MONTERREY,4210,150 SAN NICOLAS DE LOS GARZA,RT013,200001903,Minisuper Del Norte 12,non digital,0 %,$0
NORESTE,DIV MONTERREY,4210,150 SAN NICOLAS DE LOS GARZA,RT013,200001995,Mercadito La Victoria 19,non digital,0 %,$0
NORESTE,DIV MONTERREY,4210,150 SAN NICOLAS DE LOS GARZA,RT014,200000023,Mercadito El Encanto 4,non digital,0 %,$0
NORESTE,DIV MONTERREY,4210,150 SAN NICOLAS DE LOS GARZA,RT014,200000036,Bodega El Roble 56,non digital,0 %,$0
NORESTE,DIV MONTERREY,4210,150 SAN NICOLAS DE LOS GARZA,RT014,200000064,Comercial Buena Vista 59,non digital,0 %,$0
NORESTE,DIV MONTERREY,4210,150 SAN NICOLAS DE LOS GARZA,RT014,200000260,Super La Perla 56,non digital,0 %,$0
NORESTE,DIV MONTERREY,4210,150 SAN NICOLAS DE LOS GARZA,RT014,200000478,Mercadito Los Pinos 27,non digital,0 %,$0
NORESTE,DIV MONTERREY,4210,150 SAN NICOLAS DE LOS GARZA,RT014,200000592,Frutería El Sol 50,non digital,0 %,$0
NORESTE,DIV MONTERREY,4210,150 SAN NICOLAS DE LOS GARZA,RT014,200000610,Super Los Pinos 70,non digital,0 %,$0
NORESTE,DIV MONTERREY,4210,150 SAN NICOLAS DE LOS GARZA,RT014,200000611,Minisuper La Victoria 46,non digital,0 %,$0
NORESTE,DIV MONTERREY,4210,150 SAN NICOLAS DE LOS GARZA,RT014,200000622,Mercadito El Sol 46,non digital,0 %,$0
NORESTE,DIV MONTERREY,4210,150 SAN NICOLAS DE LOS GARZA,RT014,200000630,Super La Unión 90,non digital,0 %,$0
NORESTE,DIV MONTERREY,4210,150 SAN NICOLAS DE LOS GARZA,RT014,200000635,Minisuper Los Pinos 27,non digital,0 %,$0
NORESTE,DIV MONTERREY,4210,150 SAN NICOLAS DE LOS GARZA,RT014,200000636,Comercial El Encanto 19,non digital,0 %,$0
NORESTE,DIV MONTERREY,4210,150 SAN NICOLAS DE LOS GARZA,RT014,200000638,Mini Market Santa Cruz 88,non digital,0 %,$0
NORESTE,DIV MONTERREY,4210,150 SAN NICOLAS DE LOS GARZA,RT014,200000642,Depósito El Trebol 87,non digital,0 %,$0
NORESTE,DIV MONTERREY,4210,150 SAN NICOLAS DE LOS GARZA,RT014,200000645,Mercadito Santa Fe 75,non digital,0 %,$0
NORESTE,DIV MONTERREY,4210,150 SAN NICOLAS DE LOS GARZA,RT014,200000654,Bodega La Unión 94,non digital,0 %,$0
NORESTE,DIV MONTERREY,4210,150 SAN NICOLAS DE LOS GARZA,RT014,200000656,Tienda Santa Fe 67,non digital,0 %,$0
NORESTE,DIV MONTERREY,4210,150 SAN NICOLAS DE LOS GARZA,RT014,200000658,Mini Market El Mirador 61,non digital,0 %,$0
NORESTE,DIV MONTERREY,4210,150 SAN NICOLAS DE LOS GARZA,RT014,200000659,Tienda Buena Vista 90,non digital,0 %,$0
NORESTE,DIV MONTERREY,4210,150 SAN NICOLAS DE LOS GARZA,RT014,200000660,Comercial La Unión 86,non digital,0 %,$0
NORESTE,DIV MONTERREY,4210,150 SAN NICOLAS DE LOS GARZA,RT014,200000664,Bodega La Fortuna 68,non digital,0 %,$0
NORESTE,DIV MONTERREY,4210,150 SAN NICOLAS DE LOS GARZA,RT014,200000665,Tienda El Progreso 98,non digital,0 %,$0
NORESTE,DIV MONTERREY,4210,150 SAN NICOLAS DE LOS GARZA,RT014,200000667,Minisuper La Esperanza 63,non digital,0 %,$0
NORESTE,DIV MONTERREY,4210,150 SAN NICOLAS DE LOS GARZA,RT014,200000669,Mini Market El Roble 70,non digital,0 %,$0
NORESTE,DIV MONTERREY,4210,150 SAN NICOLAS DE LOS GARZA,RT014,200000670,Comercial La Perla 30,non digital,0 %,$0
NORESTE,DIV MONTERREY,4210,150 SAN NICOLAS DE LOS GARZA,RT014,200000671,Mercadito Las Flores 3,non digital,0 %,$0
NORESTE,DIV MONTERREY,4210,150 SAN NICOLAS DE LOS GARZA,RT014,200000676,Super La Esperanza 39,non digital,0 %,$0
NORESTE,DIV MONTERREY,4210,150 SAN NICOLAS DE LOS GARZA,RT014,200000679,Depósito San José 1,non digital,0 %,$0
NORESTE,DIV MONTERREY,4210,150 SAN NICOLAS DE LOS GARZA,RT014,200000683,Tienda San José 77,non digital,0 %,$0
NORESTE,DIV MONTERREY,4210,150 SAN NICOLAS DE LOS GARZA,RT014,200000686,Mercadito Los Alamos 89,non digital,0 %,$0
NORESTE,DIV MONTERREY,4210,150 SAN NICOLAS DE LOS GARZA,RT014,200000696,Minisuper El Trebol 53,non digital,0 %,$0
NORESTE,DIV MONTERREY,4210,150 SAN NICOLAS DE LOS GARZA,RT014,200000712,Depósito Santa Fe 71,non digital,0 %,$0
NORESTE,DIV MONTERREY,4210,150 SAN NICOLAS DE LOS GARZA,RT014,200000721,Tienda El Encanto 24,non digital,0 %,$0
NORESTE,DIV MONTERREY,4210,150 SAN NICOLAS DE LOS GARZA,RT014,200000767,Super La Victoria 77,non digital,0 %,$0
NORESTE,DIV MONTERREY,4210,150 SAN NICOLAS DE LOS GARZA,RT014,200000777,Tienda El Mirador 49,non digital,0 %,$0
NORESTE,DIV MONTERREY,4210,150 SAN NICOLAS DE LOS GARZA,RT014,200000809,Frutería La Fortuna 65,non digital,0 %,$0
NORESTE,DIV MONTERREY,4210,150 SAN NICOLAS DE LOS GARZA,RT014,200000817,Mercadito Buena Vista 80,non digital,0 %,$0
NORESTE,DIV MONTERREY,4210,150 SAN NICOLAS DE LOS GARZA,RT014,200000820,Depósito El Sol 81,non digital,0 %,$0
NORESTE,DIV MONTERREY,4210,150 SAN NICOLAS DE LOS GARZA,RT014,200000892,Minisuper La Victoria 60,non digital,0 %,$0
NORESTE,DIV MONTERREY,4210,150 SAN NICOLAS DE LOS GARZA,RT014,200000959,Mercadito Los Alamos 26,non digital,0 %,$0
NORESTE,DIV MONTERREY,4210,150 SAN NICOLAS DE LOS GARZA,RT014,200000986,Depósito El Progreso 66,non digital,0 %,$0
NORESTE,DIV MONTERREY,4210,150 SAN NICOLAS DE LOS GARZA,RT014,200001041,Mini Market Santa Fe 90,non digital,0 %,$0
NORESTE,DIV MONTERREY,4210,150 SAN NICOLAS DE LOS GARZA,RT014,200001061,Comercial Del Norte 13,non digital,0 %,$0
NORESTE,DIV MONTERREY,4210,150 SAN NICOLAS DE LOS GARZA,RT014,200001145,Tienda El Roble 84,non digital,0 %,$0
NORESTE,DIV MONTERREY,4210,150 SAN NICOLAS DE LOS GARZA,RT014,200001267,Mercadito La Perla 13,non digital,0 %,$0
NORESTE,DIV MONTERREY,4210,150 SAN NICOLAS DE LOS GARZA,RT014,200001281,Frutería El Progreso 84,non digital,0 %,$0
NORESTE,DIV MONTERREY,4210,150 SAN NICOLAS DE LOS GARZA,RT014,200001319,Minisuper Buena Vista 31,non digital,0 %,$0
NORESTE,DIV MONTERREY,4210,150 SAN NICOLAS DE LOS GARZA,RT014,200001353,Super Santa Cruz 32,non digital,0 %,$0
NORESTE,DIV MONTERREY,4210,150 SAN NICOLAS DE LOS GARZA,RT014,200001368,Mini Market Del Norte 65,non digital,0 %,$0
NORESTE,DIV MONTERREY,4210,150 SAN NICOLAS DE LOS GARZA,RT014,200001382,Bodega La Esperanza 58,non digital,0 %,$0
NORESTE,DIV MONTERREY,4210,150 SAN NICOLAS DE LOS GARZA,RT014,200001406,Tienda Los Alamos 26,non digital,0 %,$0
NORESTE,DIV MONTERREY,4210,150 SAN NICOLAS DE LOS GARZA,RT014,200001434,Abarrotes Los Pinos 37,non digital,0 %,$0
NORESTE,DIV MONTERREY,4210,150 SAN NICOLAS DE LOS GARZA,RT014,200001443,Abarrotes La Victoria 54,non digital,0 %,$0
NORESTE,DIV MONTERREY,4210,150 SAN NICOLAS DE LOS GARZA,RT014,200001459,Depósito Santa Cruz 4,non digital,0 %,$0
NORESTE,DIV MONTERREY,4210,150 SAN NICOLAS DE LOS GARZA,RT014,200001496,Super La Fortuna 29,non digital,0 %,$0
NORESTE,DIV MONTERREY,4210,150 SAN NICOLAS DE LOS GARZA,RT014,200001521,Depósito Las Flores 91,non digital,0 %,$0
NORESTE,DIV MONTERREY,4210,150 SAN NICOLAS DE LOS GARZA,RT014,200001534,Comercial Santa Fe 59,non digital,0 %,$0
NORESTE,DIV MONTERREY,4210,150 SAN NICOLAS DE LOS GARZA,RT014,200001540,Super El Mirador 67,non digital,0 %,$0
NORESTE,DIV MONTERREY,4210,150 SAN NICOLAS DE LOS GARZA,RT014,200001543,Tienda Los Pinos 37,non digital,0 %,$0
NORESTE,DIV MONTERREY,4210,150 SAN NICOLAS DE LOS GARZA,RT014,200001583,Comercial El Trebol 76,non digital,0 %,$0
NORESTE,DIV MONTERREY,4210,150 SAN NICOLAS DE LOS GARZA,RT014,200001593,Frutería Santa Cruz 63,non digital,0 %,$0
NORESTE,DIV MONTERREY,4210,150 SAN NICOLAS DE LOS GARZA,RT014,200001633,Comercial La Esperanza 6,non digital,0 %,$0
NORESTE,DIV MONTERREY,4210,150 SAN NICOLAS DE LOS GARZA,RT014,200001656,Super El Roble 19,non digital,0 %,$0
NORESTE,DIV MONTERREY,4210,150 SAN NICOLAS DE LOS GARZA,RT014,200001695,Super La Fortuna 29,non digital,0 %,$0
NORESTE,DIV MONTERREY,4210,150 SAN NICOLAS DE LOS GARZA,RT014,200001699,Super El Progreso 85,non digital,0 %,$0
NORESTE,DIV MONTERREY,4210,150 SAN NICOLAS DE LOS GARZA,RT014,200001713,Depósito La Perla 71,non digital,0 %,$0
NORESTE,DIV MONTERREY,4210,150 SAN NICOLAS DE LOS GARZA,RT014,200001775,Mercadito La Unión 80,non digital,0 %,$0
NORESTE,DIV MONTERREY,4210,150 SAN NICOLAS DE LOS GARZA,RT014,200001785,Mercadito El Encanto 23,non digital,0 %,$0
NORESTE,DIV MONTERREY,4210,150 SAN NICOLAS DE LOS GARZA,RT014,200001878,Tienda Los Pinos 11,non digital,0 %,$0
NORESTE,DIV MONTERREY,4210,150 SAN NICOLAS DE LOS GARZA,RT014,200001918,Mercadito La Perla 86,non digital,0 %,$0
NORESTE,DIV MONTERREY,4210,150 SAN NICOLAS DE LOS GARZA,RT014,200001976,Super La Perla 72,non digital,0 %,$0
NORESTE,DIV MONTERREY,4210,150 SAN NICOLAS DE LOS GARZA,RT014,200002019,Minisuper La Victoria 14,non digital,0 %,$0
NORESTE,DIV MONTERREY,4210,150 SAN NICOLAS DE LOS GARZA,RT014,200002023,Depósito Las Flores 89,non digital,0 %,$0
NORESTE,DIV MONTERREY,4210,150 SAN NICOLAS DE LOS GARZA,RT014,200002038,Comercial Las Flores 71,non digital,0 %,$0
NORESTE,DIV MONTERREY,4210,150 SAN NICOLAS DE LOS GARZA,RT015,200000049,Tienda La Unión 26,non digital,0 %,$0
NORESTE,DIV MONTERREY,4210,150 SAN NICOLAS DE LOS GARZA,RT015,200000058,Abarrotes La Esperanza 23,non digital,0 %,$0
NORESTE,DIV MONTERREY,4210,150 SAN NICOLAS DE LOS GARZA,RT015,200000061,Minisuper Santa Cruz 2,non digital,0 %,$0
NORESTE,DIV MONTERREY,4210,150 SAN NICOLAS DE LOS GARZA,RT015,200000066,Super La Esperanza 7,non digital,0 %,$0
NORESTE,DIV MONTERREY,4210,150 SAN NICOLAS DE LOS GARZA,RT015,200000090,Super Del Valle 77,non digital,0 %,$0
NORESTE,DIV MONTERREY,4210,150 SAN NICOLAS DE LOS GARZA,RT015,200000092,Abarrotes El Sol 64,non digital,0 %,$0
NORESTE,DIV MONTERREY,4210,150 SAN NICOLAS DE LOS GARZA,RT015,200000101,Abarrotes Los Pinos 53,non digital,0 %,$0
NORESTE,DIV MONTERREY,4210,150 SAN NICOLAS DE LOS GARZA,RT015,200000105,Mercadito La Fortuna 97,non digital,0 %,$0
NORESTE,DIV MONTERREY,4210,150 SAN NICOLAS DE LOS GARZA,RT015,200000111,Frutería La Perla 77,non digital,0 %,$0
NORESTE,DIV MONTERREY,4210,150 SAN NICOLAS DE LOS GARZA,RT015,200000165,Mercadito Del Norte 70,non digital,0 %,$0
NORESTE,DIV MONTERREY,4210,150 SAN NICOLAS DE LOS GARZA,RT015,200000179,Abarrotes Del Norte 98,non digital,0 %,$0
NORESTE,DIV MONTERREY,4210,150 SAN NICOLAS DE LOS GARZA,RT015,200000223,Depósito El Mirador 57,non digital,0 %,$0
NORESTE,DIV MONTERREY,4210,150 SAN NICOLAS DE LOS GARZA,RT015,200000243,Frutería Los Alamos 39,non digital,0 %,$0
NORESTE,DIV MONTERREY,4210,150 SAN NICOLAS DE LOS GARZA,RT015,200000277,Mercadito Santa Fe 38,non digital,0 %,$0
NORESTE,DIV MONTERREY,4210,150 SAN NICOLAS DE LOS GARZA,RT015,200000278,Comercial El Mirador 13,non digital,0 %,$0
NORESTE,DIV MONTERREY,4210,150 SAN NICOLAS DE LOS GARZA,RT015,200000300,Mini Market La Esperanza 64,non digital,0 %,$0
NORESTE,DIV MONTERREY,4210,150 SAN NICOLAS DE LOS GARZA,RT015,200000303,Tienda El Encanto 85,non digital,0 %,$0
NORESTE,DIV MONTERREY,4210,150 SAN NICOLAS DE LOS GARZA,RT015,200000304,Mini Market La Esperanza 52,non digital,0 %,$0
NORESTE,DIV MONTERREY,4210,150 SAN NICOLAS DE LOS GARZA,RT015,200000309,Depósito Los Pinos 26,non digital,0 %,$0
NORESTE,DIV MONTERREY,4210,150 SAN NICOLAS DE LOS GARZA,RT015,200000326,Minisuper Santa Fe 78,non digital,0 %,$0
NORESTE,DIV MONTERREY,4210,150 SAN NICOLAS DE LOS GARZA,RT015,200000342,Bodega El Progreso 21,non digital,0 %,$0
NORESTE,DIV MONTERREY,4210,150 SAN NICOLAS DE LOS GARZA,RT015,200000344,Comercial El Roble 98,non digital,0 %,$0
NORESTE,DIV MONTERREY,4210,150 SAN NICOLAS DE LOS GARZA,RT015,200000358,Depósito La Victoria 10,non digital,0 %,$0
NORESTE,DIV MONTERREY,4210,150 SAN NICOLAS DE LOS GARZA,RT015,200000399,Tienda El Sol 57,non digital,0 %,$0
NORESTE,DIV MONTERREY,4210,150 SAN NICOLAS DE LOS GARZA,RT015,200000404,Minisuper Santa Fe 64,non digital,0 %,$0
NORESTE,DIV MONTERREY,4210,150 SAN NICOLAS DE LOS GARZA,RT015,200000490,Comercial La Esperanza 49,non digital,0 %,$0
NORESTE,DIV MONTERREY,4210,150 SAN NICOLAS DE LOS GARZA,RT015,200000491,Mercadito Los Alamos 27,non digital,0 %,$0
NORESTE,DIV MONTERREY,4210,150 SAN NICOLAS DE LOS GARZA,RT015,200000493,Super Las Flores 66,non digital,0 %,$0
NORESTE,DIV MONTERREY,4210,150 SAN NICOLAS DE LOS GARZA,RT015,200000511,Comercial La Esperanza 88,non digital,0 %,$0
NORESTE,DIV MONTERREY,4210,150 SAN NICOLAS DE LOS GARZA,RT015,200000553,Depósito Santa Cruz 67,non digital,0 %,$0
NORESTE,DIV MONTERREY,4210,150 SAN NICOLAS DE LOS GARZA,RT015,200000565,Mini Market Los Pinos 2,non digital,0 %,$0
NORESTE,DIV MONTERREY,4210,150 SAN NICOLAS DE LOS GARZA,RT015,200000567,Minisuper Santa Fe 82,non digital,0 %,$0
NORESTE,DIV MONTERREY,4210,150 SAN NICOLAS DE LOS GARZA,RT015,200000699,Mini Market El Mirador 65,non digital,0 %,$0
NORESTE,DIV MONTERREY,4210,150 SAN NICOLAS DE LOS GARZA,RT015,200000729,Depósito El Encanto 98,non digital,0 %,$0
NORESTE,DIV MONTERREY,4210,150 SAN NICOLAS DE LOS GARZA,RT015,200000766,Comercial El Encanto 58,non digital,0 %,$0
NORESTE,DIV MONTERREY,4210,150 SAN NICOLAS DE LOS GARZA,RT015,200000768,Comercial El Mirador 53,non digital,0 %,$0
NORESTE,DIV MONTERREY,4210,150 SAN NICOLAS DE LOS GARZA,RT015,200000832,Comercial Santa Cruz 38,non digital,0 %,$0
NORESTE,DIV MONTERREY,4210,150 SAN NICOLAS DE LOS GARZA,RT015,200000871,Comercial San José 58,non digital,0 %,$0
NORESTE,DIV MONTERREY,4210,150 SAN NICOLAS DE LOS GARZA,RT015,200000931,Mini Market El Mirador 74,non digital,0 %,$0
NORESTE,DIV MONTERREY,4210,150 SAN NICOLAS DE LOS GARZA,RT015,200000958,Bodega La Victoria 1,non digital,0 %,$0
NORESTE,DIV MONTERREY,4210,150 SAN NICOLAS DE LOS GARZA,RT015,200000973,Super La Unión 27,non digital,0 %,$0
NORESTE,DIV MONTERREY,4210,150 SAN NICOLAS DE LOS GARZA,RT015,200000974,Comercial El Sol 17,non digital,0 %,$0
NORESTE,DIV MONTERREY,4210,150 SAN NICOLAS DE LOS GARZA,RT015,200000981,Depósito Santa Fe 70,non digital,0 %,$0
NORESTE,DIV MONTERREY,4210,150 SAN NICOLAS DE LOS GARZA,RT015,200000987,Tienda El Trebol 53,non digital,0 %,$0
NORESTE,DIV MONTERREY,4210,150 SAN NICOLAS DE LOS GARZA,RT015,200000995,Mercadito El Trebol 79,non digital,0 %,$0
NORESTE,DIV MONTERREY,4210,150 SAN NICOLAS DE LOS GARZA,RT015,200001018,Frutería Las Flores 36,non digital,0 %,$0
NORESTE,DIV MONTERREY,4210,150 SAN NICOLAS DE LOS GARZA,RT015,200001020,Bodega San José 75,non digital,0 %,$0
NORESTE,DIV MONTERREY,4210,150 SAN NICOLAS DE LOS GARZA,RT015,200001106,Bodega La Perla 73,non digital,0 %,$0
NORESTE,DIV MONTERREY,4210,150 SAN NICOLAS DE LOS GARZA,RT015,200001124,Depósito Los Alamos 61,non digital,0 %,$0
NORESTE,DIV MONTERREY,4210,150 SAN NICOLAS DE LOS GARZA,RT015,200001138,Minisuper El Sol 25,non digital,0 %,$0
NORESTE,DIV MONTERREY,4210,150 SAN NICOLAS DE LOS GARZA,RT015,200001149,Abarrotes San José 98,non digital,0 %,$0
NORESTE,DIV MONTERREY,4210,150 SAN NICOLAS DE LOS GARZA,RT015,200001159,Tienda La Perla 31,non digital,0 %,$0
NORESTE,DIV MONTERREY,4210,150 SAN NICOLAS DE LOS GARZA,RT015,200001162,Depósito Santa Fe 56,non digital,0 %,$0
NORESTE,DIV MONTERREY,4210,150 SAN NICOLAS DE LOS GARZA,RT015,200001190,Tienda La Esperanza 78,non digital,0 %,$0
NORESTE,DIV MONTERREY,4210,150 SAN NICOLAS DE LOS GARZA,RT015,200001195,Bodega La Esperanza 37,non digital,0 %,$0
NORESTE,DIV MONTERREY,4210,150 SAN NICOLAS DE LOS GARZA,RT015,200001201,Bodega La Unión 48,non digital,0 %,$0
NORESTE,DIV MONTERREY,4210,150 SAN NICOLAS DE LOS GARZA,RT015,200001203,Super El Mirador 71,non digital,0 %,$0
NORESTE,DIV MONTERREY,4210,150 SAN NICOLAS DE LOS GARZA,RT015,200001204,Abarrotes El Roble 45,non digital,0 %,$0
NORESTE,DIV MONTERREY,4210,150 SAN NICOLAS DE LOS GARZA,RT015,200001205,Depósito Del Norte 66,non digital,0 %,$0
NORESTE,DIV MONTERREY,4210,150 SAN NICOLAS DE LOS GARZA,RT015,200001210,Mercadito El Mirador 20,non digital,0 %,$0
NORESTE,DIV MONTERREY,4210,150 SAN NICOLAS DE LOS GARZA,RT015,200001261,Tienda La Victoria 17,non digital,0 %,$0
NORESTE,DIV MONTERREY,4210,150 SAN NICOLAS DE LOS GARZA,RT015,200001278,Super El Encanto 78,non digital,0 %,$0
NORESTE,DIV MONTERREY,4210,150 SAN NICOLAS DE LOS GARZA,RT015,200001323,Depósito El Trebol 89,non digital,0 %,$0
NORESTE,DIV MONTERREY,4210,150 SAN NICOLAS DE LOS GARZA,RT015,200001324,Depósito Del Norte 33,non digital,0 %,$0
NORESTE,DIV MONTERREY,4210,150 SAN NICOLAS DE LOS GARZA,RT015,200001340,Frutería Santa Cruz 99,non digital,0 %,$0
NORESTE,DIV MONTERREY,4210,150 SAN NICOLAS DE LOS GARZA,RT015,200001343,Minisuper Santa Cruz 92,non digital,0 %,$0
NORESTE,DIV MONTERREY,4210,150 SAN NICOLAS DE LOS GARZA,RT015,200001344,Mercadito Del Norte 55,non digital,0 %,$0
NORESTE,DIV MONTERREY,4210,150 SAN NICOLAS DE LOS GARZA,RT015,200001393,Frutería El Encanto 23,non digital,0 %,$0
NORESTE,DIV MONTERREY,4210,150 SAN NICOLAS DE LOS GARZA,RT015,200001422,Depósito La Victoria 44,non digital,0 %,$0
NORESTE,DIV MONTERREY,4210,150 SAN NICOLAS DE LOS GARZA,RT015,200001424,Abarrotes Buena Vista 1,non digital,0 %,$0
NORESTE,DIV MONTERREY,4210,150 SAN NICOLAS DE LOS GARZA,RT015,200001432,Super Santa Fe 40,non digital,0 %,$0
NORESTE,DIV MONTERREY,4210,150 SAN NICOLAS DE LOS GARZA,RT015,200001507,Frutería Las Flores 72,non digital,0 %,$0
NORESTE,DIV MONTERREY,4210,150 SAN NICOLAS DE LOS GARZA,RT015,200001524,Comercial La Esperanza 58,non digital,0 %,$0
NORESTE,DIV MONTERREY,4210,150 SAN NICOLAS DE LOS GARZA,RT015,200001563,Tienda Buena Vista 2,non digital,0 %,$0
NORESTE,DIV MONTERREY,4210,150 SAN NICOLAS DE LOS GARZA,RT015,200001584,Tienda La Esperanza 34,non digital,0 %,$0
NORESTE,DIV MONTERREY,4210,150 SAN NICOLAS DE LOS GARZA,RT015,200001617,Frutería Buena Vista 17,non digital,0 %,$0
NORESTE,DIV MONTERREY,4210,150 SAN NICOLAS DE LOS GARZA,RT015,200001800,Tienda San José 48,non digital,0 %,$0
NORESTE,DIV MONTERREY,4210,150 SAN NICOLAS DE LOS GARZA,RT015,200001802,Mini Market Los Alamos 99,non digital,0 %,$0
NORESTE,DIV MONTERREY,4210,150 SAN NICOLAS DE LOS GARZA,RT015,200001969,Mercadito Santa Fe 15,non digital,0 %,$0
NORESTE,DIV MONTERREY,4210,150 SAN NICOLAS DE LOS GARZA,RT016,200000041,Bodega Las Flores 49,non digital,0 %,$0
NORESTE,DIV MONTERREY,4210,150 SAN NICOLAS DE LOS GARZA,RT016,200000271,Mercadito El Mirador 2,non digital,0 %,$0
NORESTE,DIV MONTERREY,4210,150 SAN NICOLAS DE LOS GARZA,RT016,200000600,Minisuper Del Norte 16,non digital,0 %,$0
NORESTE,DIV MONTERREY,4210,150 SAN NICOLAS DE LOS GARZA,RT016,200000619,Minisuper La Unión 2,non digital,0 %,$0
NORESTE,DIV MONTERREY,4210,150 SAN NICOLAS DE LOS GARZA,RT016,200000621,Tienda El Encanto 76,non digital,0 %,$0
NORESTE,DIV MONTERREY,4210,150 SAN NICOLAS DE LOS GARZA,RT016,200000625,Bodega El Trebol 11,non digital,0 %,$0
NORESTE,DIV MONTERREY,4210,150 SAN NICOLAS DE LOS GARZA,RT016,200000634,Mercadito Del Valle 61,non digital,0 %,$0
NORESTE,DIV MONTERREY,4210,150 SAN NICOLAS DE LOS GARZA,RT016,200000647,Abarrotes Santa Fe 79,non digital,0 %,$0
NORESTE,DIV MONTERREY,4210,150 SAN NICOLAS DE LOS GARZA,RT016,200000672,Frutería Las Flores 8,non digital,0 %,$0
NORESTE,DIV MONTERREY,4210,150 SAN NICOLAS DE LOS GARZA,RT016,200000673,Super La Fortuna 26,non digital,0 %,$0
NORESTE,DIV MONTERREY,4210,150 SAN NICOLAS DE LOS GARZA,RT016,200000732,Super Santa Fe 71,non digital,0 %,$0
NORESTE,DIV MONTERREY,4210,150 SAN NICOLAS DE LOS GARZA,RT016,200000749,Frutería Del Valle 90,non digital,0 %,$0
NORESTE,DIV MONTERREY,4210,150 SAN NICOLAS DE LOS GARZA,RT016,200000754,Tienda Los Alamos 92,non digital,0 %,$0
NORESTE,DIV MONTERREY,4210,150 SAN NICOLAS DE LOS GARZA,RT016,200000875,Mercadito El Trebol 44,non digital,0 %,$0
NORESTE,DIV MONTERREY,4210,150 SAN NICOLAS DE LOS GARZA,RT016,200000909,Minisuper La Victoria 32,non digital,0 %,$0
NORESTE,DIV MONTERREY,4210,150 SAN NICOLAS DE LOS GARZA,RT016,200000939,Bodega El Sol 13,non digital,0 %,$0
NORESTE,DIV MONTERREY,4210,150 SAN NICOLAS DE LOS GARZA,RT016,200000947,Depósito El Encanto 99,non digital,0 %,$0
NORESTE,DIV MONTERREY,4210,150 SAN NICOLAS DE LOS GARZA,RT016,200000965,Tienda Santa Fe 90,non digital,0 %,$0
NORESTE,DIV MONTERREY,4210,150 SAN NICOLAS DE LOS GARZA,RT016,200000994,Mercadito Los Pinos 74,non digital,0 %,$0
NORESTE,DIV MONTERREY,4210,150 SAN NICOLAS DE LOS GARZA,RT016,200001001,Comercial El Mirador 27,non digital,0 %,$0
NORESTE,DIV MONTERREY,4210,150 SAN NICOLAS DE LOS GARZA,RT016,200001063,Bodega La Victoria 53,non digital,0 %,$0
NORESTE,DIV MONTERREY,4210,150 SAN NICOLAS DE LOS GARZA,RT016,200001122,Frutería Del Valle 9,non digital,0 %,$0
NORESTE,DIV MONTERREY,4210,150 SAN NICOLAS DE LOS GARZA,RT016,200001152,Frutería El Sol 5,non digital,0 %,$0
NORESTE,DIV MONTERREY,4210,150 SAN NICOLAS DE LOS GARZA,RT016,200001182,Frutería El Encanto 90,non digital,0 %,$0
NORESTE,DIV MONTERREY,4210,150 SAN NICOLAS DE LOS GARZA,RT016,200001270,Mercadito La Esperanza 37,non digital,0 %,$0
NORESTE,DIV MONTERREY,4210,150 SAN NICOLAS DE LOS GARZA,RT016,200001493,Frutería Los Alamos 67,non digital,0 %,$0
NORESTE,DIV MONTERREY,4210,150 SAN NICOLAS DE LOS GARZA,RT016,200001601,Depósito La Unión 89,non digital,0 %,$0
NORESTE,DIV MONTERREY,4210,150 SAN NICOLAS DE LOS GARZA,RT016,200001756,Abarrotes Las Flores 2,non digital,0 %,$0
NORESTE,DIV MONTERREY,4210,150 SAN NICOLAS DE LOS GARZA,RT016,200001977,Depósito San José 19,non digital,0 %,$0
NORESTE,DIV MONTERREY,4210,150 SAN NICOLAS DE LOS GARZA,RT016,200002048,Bodega La Unión 84,non digital,0 %,$0
NORESTE,DIV MONTERREY,4210,150 SAN NICOLAS DE LOS GARZA,RT016,200002049,Mini Market San José 73,non digital,0 %,$0
NORESTE,DIV MONTERREY,4210,150 SAN NICOLAS DE LOS GARZA,RT017,200000096,Minisuper La Victoria 35,non digital,0 %,$0
NORESTE,DIV MONTERREY,4210,150 SAN NICOLAS DE LOS GARZA,RT017,200000385,Abarrotes El Sol 49,non digital,0 %,$0
NORESTE,DIV MONTERREY,4210,150 SAN NICOLAS DE LOS GARZA,RT017,200000439,Bodega La Victoria 85,non digital,0 %,$0
NORESTE,DIV MONTERREY,4210,150 SAN NICOLAS DE LOS GARZA,RT017,200000458,Mercadito Del Valle 94,non digital,0 %,$0
NORESTE,DIV MONTERREY,4210,150 SAN NICOLAS DE LOS GARZA,RT017,200000517,Super La Fortuna 24,non digital,0 %,$0
NORESTE,DIV MONTERREY,4210,150 SAN NICOLAS DE LOS GARZA,RT017,200000520,Abarrotes San José 52,non digital,0 %,$0
NORESTE,DIV MONTERREY,4210,150 SAN NICOLAS DE LOS GARZA,RT017,200000551,Frutería La Perla 9,non digital,0 %,$0
NORESTE,DIV MONTERREY,4210,150 SAN NICOLAS DE LOS GARZA,RT017,200000722,Super Santa Fe 93,non digital,0 %,$0
NORESTE,DIV MONTERREY,4210,150 SAN NICOLAS DE LOS GARZA,RT017,200000741,Comercial Las Flores 86,non digital,0 %,$0
NORESTE,DIV MONTERREY,4210,150 SAN NICOLAS DE LOS GARZA,RT017,200000755,Mercadito El Trebol 44,non digital,0 %,$0
NORESTE,DIV MONTERREY,4210,150 SAN NICOLAS DE LOS GARZA,RT017,200000769,Tienda El Trebol 67,non digital,0 %,$0
NORESTE,DIV MONTERREY,4210,150 SAN NICOLAS DE LOS GARZA,RT017,200000851,Super La Fortuna 56,non digital,0 %,$0
NORESTE,DIV MONTERREY,4210,150 SAN NICOLAS DE LOS GARZA,RT017,200000879,Comercial Del Norte 90,non digital,0 %,$0
NORESTE,DIV MONTERREY,4210,150 SAN NICOLAS DE LOS GARZA,RT017,200001012,Minisuper La Fortuna 89,non digital,0 %,$0
NORESTE,DIV MONTERREY,4210,150 SAN NICOLAS DE LOS GARZA,RT017,200001044,Comercial Las Flores 71,non digital,0 %,$0
NORESTE,DIV MONTERREY,4210,150 SAN NICOLAS DE LOS GARZA,RT017,200001086,Frutería El Progreso 83,non digital,0 %,$0
NORESTE,DIV MONTERREY,4210,150 SAN NICOLAS DE LOS GARZA,RT017,200001104,Frutería La Victoria 91,non digital,0 %,$0
NORESTE,DIV MONTERREY,4210,150 SAN NICOLAS DE LOS GARZA,RT017,200001107,Frutería La Unión 40,non digital,0 %,$0
NORESTE,DIV MONTERREY,4210,150 SAN NICOLAS DE LOS GARZA,RT017,200001109,Tienda El Sol 23,non digital,0 %,$0
NORESTE,DIV MONTERREY,4210,150 SAN NICOLAS DE LOS GARZA,RT017,200001133,Minisuper Los Pinos 78,non digital,0 %,$0
NORESTE,DIV MONTERREY,4210,150 SAN NICOLAS DE LOS GARZA,RT017,200001144,Bodega El Trebol 55,non digital,0 %,$0
NORESTE,DIV MONTERREY,4210,150 SAN NICOLAS DE LOS GARZA,RT017,200001184,Tienda El Roble 5,non digital,0 %,$0
NORESTE,DIV MONTERREY,4210,150 SAN NICOLAS DE LOS GARZA,RT017,200001207,Minisuper Las Flores 89,non digital,0 %,$0
NORESTE,DIV MONTERREY,4210,150 SAN NICOLAS DE LOS GARZA,RT017,200001209,Depósito La Fortuna 96,non digital,0 %,$0
NORESTE,DIV MONTERREY,4210,150 SAN NICOLAS DE LOS GARZA,RT017,200001236,Depósito Del Norte 48,non digital,0 %,$0
NORESTE,DIV MONTERREY,4210,150 SAN NICOLAS DE LOS GARZA,RT017,200001240,Bodega San José 25,non digital,0 %,$0
NORESTE,DIV MONTERREY,4210,150 SAN NICOLAS DE LOS GARZA,RT017,200001241,Frutería Las Flores 56,non digital,0 %,$0
NORESTE,DIV MONTERREY,4210,150 SAN NICOLAS DE LOS GARZA,RT017,200001246,Frutería El Mirador 6,non digital,0 %,$0
NORESTE,DIV MONTERREY,4210,150 SAN NICOLAS DE LOS GARZA,RT017,200001247,Minisuper El Encanto 6,non digital,0 %,$0
NORESTE,DIV MONTERREY,4210,150 SAN NICOLAS DE LOS GARZA,RT017,200001276,Minisuper Buena Vista 87,non digital,0 %,$0
NORESTE,DIV MONTERREY,4210,150 SAN NICOLAS DE LOS GARZA,RT017,200001331,Comercial Las Flores 20,non digital,0 %,$0
NORESTE,DIV MONTERREY,4210,150 SAN NICOLAS DE LOS GARZA,RT017,200001347,Frutería El Progreso 5,non digital,0 %,$0
NORESTE,DIV MONTERREY,4210,150 SAN NICOLAS DE LOS GARZA,RT017,200001383,Bodega Del Norte 51,non digital,0 %,$0
NORESTE,DIV MONTERREY,4210,150 SAN NICOLAS DE LOS GARZA,RT017,200001387,Minisuper El Sol 19,non digital,0 %,$0
NORESTE,DIV MONTERREY,4210,150 SAN NICOLAS DE LOS GARZA,RT017,200001394,Abarrotes El Roble 92,non digital,0 %,$0
NORESTE,DIV MONTERREY,4210,150 SAN NICOLAS DE LOS GARZA,RT017,200001544,Mini Market El Trebol 83,non digital,0 %,$0
NORESTE,DIV MONTERREY,4210,150 SAN NICOLAS DE LOS GARZA,RT017,200001575,Mercadito El Mirador 16,non digital,0 %,$0
NORESTE,DIV MONTERREY,4210,150 SAN NICOLAS DE LOS GARZA,RT017,200001851,Frutería Los Alamos 17,non digital,0 %,$0
NORESTE,DIV MONTERREY,4210,150 SAN NICOLAS DE LOS GARZA,RT017,200001892,Super Buena Vista 48,non digital,0 %,$0
NORESTE,DIV MONTERREY,4210,150 SAN NICOLAS DE LOS GARZA,RT017,200001896,Abarrotes La Victoria 33,non digital,0 %,$0
NORESTE,DIV MONTERREY,4210,150 SAN NICOLAS DE LOS GARZA,RT017,200001912,Mercadito Santa Cruz 36,non digital,0 %,$0
NORESTE,DIV MONTERREY,4210,150 SAN NICOLAS DE LOS GARZA,RT017,200002018,Tienda El Trebol 21,non digital,0 %,$0
NORESTE,DIV MONTERREY,4210,150 SAN NICOLAS DE LOS GARZA,RT017,200002027,Bodega El Sol 22,non digital,0 %,$0
NORESTE,DIV MONTERREY,4210,150 SAN NICOLAS DE LOS GARZA,RT017,200002028,Abarrotes Los Pinos 54,non digital,0 %,$0
NORESTE,DIV MONTERREY,4210,150 SAN NICOLAS DE LOS GARZA,RT017,200002031,Mercadito Los Pinos 72,non digital,0 %,$0
NORESTE,DIV MONTERREY,4210,150 SAN NICOLAS DE LOS GARZA,RT017,200002043,Depósito La Fortuna 70,non digital,0 %,$0
NORESTE,DIV MONTERREY,4210,150 SAN NICOLAS DE LOS GARZA,RT017,200002050,Frutería Buena Vista 96,non digital,0 %,$0
NORESTE,DIV MONTERREY,4210,150 SAN NICOLAS DE LOS GARZA,RT018,200000082,Frutería El Trebol 38,non digital,0 %,$0
NORESTE,DIV MONTERREY,4210,150 SAN NICOLAS DE LOS GARZA,RT018,200000083,Frutería Buena Vista 72,non digital,0 %,$0
NORESTE,DIV MONTERREY,4210,150 SAN NICOLAS DE LOS GARZA,RT018,200000167,Minisuper Los Alamos 19,non digital,0 %,$0
NORESTE,DIV MONTERREY,4210,150 SAN NICOLAS DE LOS GARZA,RT018,200000171,Minisuper El Progreso 18,non digital,0 %,$0
NORESTE,DIV MONTERREY,4210,150 SAN NICOLAS DE LOS GARZA,RT018,200000273,Abarrotes Santa Cruz 63,non digital,0 %,$0
NORESTE,DIV MONTERREY,4210,150 SAN NICOLAS DE LOS GARZA,RT018,200000327,Tienda El Roble 85,non digital,0 %,$0
NORESTE,DIV MONTERREY,4210,150 SAN NICOLAS DE LOS GARZA,RT018,200000349,Mini Market San José 59,non digital,0 %,$0
NORESTE,DIV MONTERREY,4210,150 SAN NICOLAS DE LOS GARZA,RT018,200000391,Super San José 41,non digital,0 %,$0
NORESTE,DIV MONTERREY,4210,150 SAN NICOLAS DE LOS GARZA,RT018,200000475,Minisuper Los Alamos 58,non digital,0 %,$0
NORESTE,DIV MONTERREY,4210,150 SAN NICOLAS DE LOS GARZA,RT018,200000500,Tienda Los Alamos 14,non digital,0 %,$0
NORESTE,DIV MONTERREY,4210,150 SAN NICOLAS DE LOS GARZA,RT018,200000537,Depósito Las Flores 29,non digital,0 %,$0
NORESTE,DIV MONTERREY,4210,150 SAN NICOLAS DE LOS GARZA,RT018,200000710,Comercial Los Pinos 70,non digital,0 %,$0
NORESTE,DIV MONTERREY,4210,150 SAN NICOLAS DE LOS GARZA,RT018,200000760,Abarrotes Santa Fe 99,non digital,0 %,$0
NORESTE,DIV MONTERREY,4210,150 SAN NICOLAS DE LOS GARZA,RT018,200000806,Mercadito El Trebol 15,non digital,0 %,$0
NORESTE,DIV MONTERREY,4210,150 SAN NICOLAS DE LOS GARZA,RT018,200000873,Mini Market La Unión 79,non digital,0 %,$0
NORESTE,DIV MONTERREY,4210,150 SAN NICOLAS DE LOS GARZA,RT018,200000881,Comercial El Mirador 47,non digital,0 %,$0
NORESTE,DIV MONTERREY,4210,150 SAN NICOLAS DE LOS GARZA,RT018,200000885,Mini Market San José 35,non digital,0 %,$0
NORESTE,DIV MONTERREY,4210,150 SAN NICOLAS DE LOS GARZA,RT018,200000926,Mini Market La Unión 9,non digital,0 %,$0
NORESTE,DIV MONTERREY,4210,150 SAN NICOLAS DE LOS GARZA,RT018,200000945,Tienda La Unión 50,non digital,0 %,$0
NORESTE,DIV MONTERREY,4210,150 SAN NICOLAS DE LOS GARZA,RT018,200000948,Abarrotes Del Norte 40,non digital,0 %,$0
NORESTE,DIV MONTERREY,4210,150 SAN NICOLAS DE LOS GARZA,RT018,200001091,Bodega El Sol 28,non digital,0 %,$0
NORESTE,DIV MONTERREY,4210,150 SAN NICOLAS DE LOS GARZA,RT018,200001112,Minisuper La Fortuna 41,non digital,0 %,$0
NORESTE,DIV MONTERREY,4210,150 SAN NICOLAS DE LOS GARZA,RT018,200001118,Mercadito La Unión 55,non digital,0 %,$0
NORESTE,DIV MONTERREY,4210,150 SAN NICOLAS DE LOS GARZA,RT018,200001136,Mini Market Buena Vista 58,non digital,0 %,$0
NORESTE,DIV MONTERREY,4210,150 SAN NICOLAS DE LOS GARZA,RT018,200001193,Minisuper La Esperanza 83,non digital,0 %,$0
NORESTE,DIV MONTERREY,4210,150 SAN NICOLAS DE LOS GARZA,RT018,200001212,Frutería El Trebol 82,non digital,0 %,$0
NORESTE,DIV MONTERREY,4210,150 SAN NICOLAS DE LOS GARZA,RT018,200001224,Mini Market El Roble 80,non digital,0 %,$0
NORESTE,DIV MONTERREY,4210,150 SAN NICOLAS DE LOS GARZA,RT018,200001306,Super El Sol 51,non digital,0 %,$0
NORESTE,DIV MONTERREY,4210,150 SAN NICOLAS DE LOS GARZA,RT018,200001308,Depósito Del Valle 39,non digital,0 %,$0
NORESTE,DIV MONTERREY,4210,150 SAN NICOLAS DE LOS GARZA,RT018,200001326,Frutería Las Flores 16,non digital,0 %,$0
NORESTE,DIV MONTERREY,4210,150 SAN NICOLAS DE LOS GARZA,RT018,200001336,Bodega El Progreso 49,non digital,0 %,$0
NORESTE,DIV MONTERREY,4210,150 SAN NICOLAS DE LOS GARZA,RT018,200001341,Mercadito Santa Fe 21,non digital,0 %,$0
NORESTE,DIV MONTERREY,4210,150 SAN NICOLAS DE LOS GARZA,RT018,200001346,Frutería San José 88,non digital,0 %,$0
NORESTE,DIV MONTERREY,4210,150 SAN NICOLAS DE LOS GARZA,RT018,200001358,Mercadito El Roble 31,non digital,0 %,$0
NORESTE,DIV MONTERREY,4210,150 SAN NICOLAS DE LOS GARZA,RT018,200001363,Mercadito Santa Cruz 79,non digital,0 %,$0
NORESTE,DIV MONTERREY,4210,150 SAN NICOLAS DE LOS GARZA,RT018,200001372,Frutería Santa Cruz 30,non digital,0 %,$0
NORESTE,DIV MONTERREY,4210,150 SAN NICOLAS DE LOS GARZA,RT018,200001377,Depósito La Unión 31,non digital,0 %,$0
NORESTE,DIV MONTERREY,4210,150 SAN NICOLAS DE LOS GARZA,RT018,200001381,Tienda El Sol 10,non digital,0 %,$0
NORESTE,DIV MONTERREY,4210,150 SAN NICOLAS DE LOS GARZA,RT018,200001446,Tienda El Encanto 35,non digital,0 %,$0
NORESTE,DIV MONTERREY,4210,150 SAN NICOLAS DE LOS GARZA,RT018,200001465,Depósito La Unión 95,non digital,0 %,$0
NORESTE,DIV MONTERREY,4210,150 SAN NICOLAS DE LOS GARZA,RT018,200001471,Comercial Santa Cruz 24,non digital,0 %,$0
NORESTE,DIV MONTERREY,4210,150 SAN NICOLAS DE LOS GARZA,RT018,200001474,Frutería Buena Vista 99,non digital,0 %,$0
NORESTE,DIV MONTERREY,4210,150 SAN NICOLAS DE LOS GARZA,RT018,200001491,Mini Market Santa Cruz 79,non digital,0 %,$0
NORESTE,DIV MONTERREY,4210,150 SAN NICOLAS DE LOS GARZA,RT018,200001492,Bodega La Unión 68,non digital,0 %,$0
NORESTE,DIV MONTERREY,4210,150 SAN NICOLAS DE LOS GARZA,RT018,200001551,Minisuper Santa Cruz 90,non digital,0 %,$0
NORESTE,DIV MONTERREY,4210,150 SAN NICOLAS DE LOS GARZA,RT018,200001667,Comercial Buena Vista 62,non digital,0 %,$0
NORESTE,DIV MONTERREY,4210,150 SAN NICOLAS DE LOS GARZA,RT018,200001928,Frutería San José 58,non digital,0 %,$0
NORESTE,DIV MONTERREY,4210,150 SAN NICOLAS DE LOS GARZA,RT018,200002001,Depósito Del Valle 35,non digital,0 %,$0
NORESTE,DIV MONTERREY,4210,150 SAN NICOLAS DE LOS GARZA,RT018,200002008,Bodega La Esperanza 66,non digital,0 %,$0
NORESTE,DIV MONTERREY,4210,150 SAN NICOLAS DE LOS GARZA,RT019,200000027,Super El Encanto 31,non digital,0 %,$0
NORESTE,DIV MONTERREY,4210,150 SAN NICOLAS DE LOS GARZA,RT019,200000046,Comercial La Fortuna 42,non digital,0 %,$0
NORESTE,DIV MONTERREY,4210,150 SAN NICOLAS DE LOS GARZA,RT019,200000054,Tienda El Mirador 83,non digital,0 %,$0
NORESTE,DIV MONTERREY,4210,150 SAN NICOLAS DE LOS GARZA,RT019,200000059,Mercadito La Perla 28,non digital,0 %,$0
NORESTE,DIV MONTERREY,4210,150 SAN NICOLAS DE LOS GARZA,RT019,200000062,Mercadito El Trebol 17,non digital,0 %,$0
NORESTE,DIV MONTERREY,4210,150 SAN NICOLAS DE LOS GARZA,RT019,200000070,Tienda Santa Fe 30,non digital,0 %,$0
NORESTE,DIV MONTERREY,4210,150 SAN NICOLAS DE LOS GARZA,RT019,200000077,Tienda El Roble 94,non digital,0 %,$0
NORESTE,DIV MONTERREY,4210,150 SAN NICOLAS DE LOS GARZA,RT019,200000114,Depósito Buena Vista 5,non digital,0 %,$0
NORESTE,DIV MONTERREY,4210,150 SAN NICOLAS DE LOS GARZA,RT019,200000116,Bodega La Perla 38,non digital,0 %,$0
NORESTE,DIV MONTERREY,4210,150 SAN NICOLAS DE LOS GARZA,RT019,200000137,Mercadito El Progreso 16,non digital,0 %,$0
NORESTE,DIV MONTERREY,4210,150 SAN NICOLAS DE LOS GARZA,RT019,200000183,Abarrotes Santa Fe 98,non digital,0 %,$0
NORESTE,DIV MONTERREY,4210,150 SAN NICOLAS DE LOS GARZA,RT019,200000239,Abarrotes La Esperanza 64,non digital,0 %,$0
NORESTE,DIV MONTERREY,4210,150 SAN NICOLAS DE LOS GARZA,RT019,200000258,Bodega Del Norte 91,non digital,0 %,$0
NORESTE,DIV MONTERREY,4210,150 SAN NICOLAS DE LOS GARZA,RT019,200000305,Mini Market El Trebol 82,non digital,0 %,$0
NORESTE,DIV MONTERREY,4210,150 SAN NICOLAS DE LOS GARZA,RT019,200000307,Minisuper La Fortuna 9,non digital,0 %,$0
NORESTE,DIV MONTERREY,4210,150 SAN NICOLAS DE LOS GARZA,RT019,200000339,Bodega El Encanto 70,non digital,0 %,$0
NORESTE,DIV MONTERREY,4210,150 SAN NICOLAS DE LOS GARZA,RT019,200000365,Mini Market La Fortuna 63,non digital,0 %,$0
NORESTE,DIV MONTERREY,4210,150 SAN NICOLAS DE LOS GARZA,RT019,200000379,Bodega Los Alamos 40,non digital,0 %,$0
NORESTE,DIV MONTERREY,4210,150 SAN NICOLAS DE LOS GARZA,RT019,200000397,Tienda La Victoria 76,non digital,0 %,$0
NORESTE,DIV MONTERREY,4210,150 SAN NICOLAS DE LOS GARZA,RT019,200000415,Tienda El Roble 88,non digital,0 %,$0
NORESTE,DIV MONTERREY,4210,150 SAN NICOLAS DE LOS GARZA,RT019,200000454,Super La Perla 92,non digital,0 %,$0
NORESTE,DIV MONTERREY,4210,150 SAN NICOLAS DE LOS GARZA,RT019,200000485,Depósito La Perla 53,non digital,0 %,$0
NORESTE,DIV MONTERREY,4210,150 SAN NICOLAS DE LOS GARZA,RT019,200000516,Bodega Las Flores 12,non digital,0 %,$0
NORESTE,DIV MONTERREY,4210,150 SAN NICOLAS DE LOS GARZA,RT019,200000544,Mini Market Los Pinos 87,non digital,0 %,$0
NORESTE,DIV MONTERREY,4210,150 SAN NICOLAS DE LOS GARZA,RT019,200000554,Abarrotes Del Norte 42,non digital,0 %,$0
NORESTE,DIV MONTERREY,4210,150 SAN NICOLAS DE LOS GARZA,RT019,200000718,Minisuper El Encanto 16,non digital,0 %,$0
NORESTE,DIV MONTERREY,4210,150 SAN NICOLAS DE LOS GARZA,RT019,200000757,Mercadito El Mirador 64,non digital,0 %,$0
NORESTE,DIV MONTERREY,4210,150 SAN NICOLAS DE LOS GARZA,RT019,200000761,Mini Market San José 84,non digital,0 %,$0
NORESTE,DIV MONTERREY,4210,150 SAN NICOLAS DE LOS GARZA,RT019,200000765,Frutería El Trebol 45,non digital,0 %,$0
NORESTE,DIV MONTERREY,4210,150 SAN NICOLAS DE LOS GARZA,RT019,200000782,Frutería El Roble 72,non digital,0 %,$0
NORESTE,DIV MONTERREY,4210,150 SAN NICOLAS DE LOS GARZA,RT019,200000798,Frutería Del Valle 91,non digital,0 %,$0
NORESTE,DIV MONTERREY,4210,150 SAN NICOLAS DE LOS GARZA,RT019,200000800,Abarrotes El Roble 38,non digital,0 %,$0
NORESTE,DIV MONTERREY,4210,150 SAN NICOLAS DE LOS GARZA,RT019,200000859,Minisuper Del Norte 46,non digital,0 %,$0
NORESTE,DIV MONTERREY,4210,150 SAN NICOLAS DE LOS GARZA,RT019,200000874,Frutería Santa Fe 73,non digital,0 %,$0
NORESTE,DIV MONTERREY,4210,150 SAN NICOLAS DE LOS GARZA,RT019,200000883,Mini Market Buena Vista 97,non digital,0 %,$0
NORESTE,DIV MONTERREY,4210,150 SAN NICOLAS DE LOS GARZA,RT019,200000890,Bodega La Victoria 90,non digital,0 %,$0
NORESTE,DIV MONTERREY,4210,150 SAN NICOLAS DE LOS GARZA,RT019,200000920,Mercadito El Trebol 34,non digital,0 %,$0
NORESTE,DIV MONTERREY,4210,150 SAN NICOLAS DE LOS GARZA,RT019,200000951,Frutería Los Alamos 79,non digital,0 %,$0
NORESTE,DIV MONTERREY,4210,150 SAN NICOLAS DE LOS GARZA,RT019,200000953,Super Los Pinos 33,non digital,0 %,$0
NORESTE,DIV MONTERREY,4210,150 SAN NICOLAS DE LOS GARZA,RT019,200000968,Mini Market Santa Cruz 9,non digital,0 %,$0
NORESTE,DIV MONTERREY,4210,150 SAN NICOLAS DE LOS GARZA,RT019,200000978,Abarrotes La Esperanza 76,non digital,0 %,$0
NORESTE,DIV MONTERREY,4210,150 SAN NICOLAS DE LOS GARZA,RT019,200001167,Comercial Del Valle 62,non digital,0 %,$0
NORESTE,DIV MONTERREY,4210,150 SAN NICOLAS DE LOS GARZA,RT019,200001172,Tienda Los Pinos 78,non digital,0 %,$0
NORESTE,DIV MONTERREY,4210,150 SAN NICOLAS DE LOS GARZA,RT019,200001198,Mini Market La Esperanza 60,non digital,0 %,$0
NORESTE,DIV MONTERREY,4210,150 SAN NICOLAS DE LOS GARZA,RT019,200001199,Comercial La Victoria 66,non digital,0 %,$0
NORESTE,DIV MONTERREY,4210,150 SAN NICOLAS DE LOS GARZA,RT019,200001260,Comercial Santa Cruz 22,non digital,0 %,$0
NORESTE,DIV MONTERREY,4210,150 SAN NICOLAS DE LOS GARZA,RT019,200001268,Mercadito Las Flores 65,non digital,0 %,$0
NORESTE,DIV MONTERREY,4210,150 SAN NICOLAS DE LOS GARZA,RT019,200001277,Minisuper Santa Fe 85,non digital,0 %,$0
NORESTE,DIV MONTERREY,4210,150 SAN NICOLAS DE LOS GARZA,RT019,200001280,Depósito San José 45,non digital,0 %,$0
NORESTE,DIV MONTERREY,4210,150 SAN NICOLAS DE LOS GARZA,RT019,200001293,Mini Market La Perla 71,non digital,0 %,$0
NORESTE,DIV MONTERREY,4210,150 SAN NICOLAS DE LOS GARZA,RT019,200001294,Bodega El Mirador 44,non digital,0 %,$0
NORESTE,DIV MONTERREY,4210,150 SAN NICOLAS DE LOS GARZA,RT019,200001318,Mercadito El Mirador 1,non digital,0 %,$0
NORESTE,DIV MONTERREY,4210,150 SAN NICOLAS DE LOS GARZA,RT019,200001327,Frutería La Unión 49,non digital,0 %,$0
NORESTE,DIV MONTERREY,4210,150 SAN NICOLAS DE LOS GARZA,RT019,200001334,Mercadito El Roble 89,non digital,0 %,$0
NORESTE,DIV MONTERREY,4210,150 SAN NICOLAS DE LOS GARZA,RT019,200001345,Frutería Los Alamos 22,non digital,0 %,$0
NORESTE,DIV MONTERREY,4210,150 SAN NICOLAS DE LOS GARZA,RT019,200001386,Mini Market Del Valle 6,non digital,0 %,$0
NORESTE,DIV MONTERREY,4210,150 SAN NICOLAS DE LOS GARZA,RT019,200001391,Mini Market El Sol 49,non digital,0 %,$0
NORESTE,DIV MONTERREY,4210,150 SAN NICOLAS DE LOS GARZA,RT019,200001417,Mini Market El Progreso 74,non digital,0 %,$0
NORESTE,DIV MONTERREY,4210,150 SAN NICOLAS DE LOS GARZA,RT019,200001561,Bodega El Trebol 60,non digital,0 %,$0
NORESTE,DIV MONTERREY,4210,150 SAN NICOLAS DE LOS GARZA,RT019,200001602,Super La Unión 26,non digital,0 %,$0
NORESTE,DIV MONTERREY,4210,150 SAN NICOLAS DE LOS GARZA,RT019,200001613,Comercial Del Norte 15,non digital,0 %,$0
NORESTE,DIV MONTERREY,4210,150 SAN NICOLAS DE LOS GARZA,RT019,200001636,Abarrotes El Sol 7,non digital,0 %,$0
NORESTE,DIV MONTERREY,4210,150 SAN NICOLAS DE LOS GARZA,RT019,200001658,Mini Market Las Flores 28,non digital,0 %,$0
NORESTE,DIV MONTERREY,4210,150 SAN NICOLAS DE LOS GARZA,RT019,200001674,Minisuper La Fortuna 90,non digital,0 %,$0
NORESTE,DIV MONTERREY,4210,150 SAN NICOLAS DE LOS GARZA,RT019,200001676,Comercial Las Flores 27,non digital,0 %,$0
NORESTE,DIV MONTERREY,4210,150 SAN NICOLAS DE LOS GARZA,RT019,200001681,Tienda San José 58,non digital,0 %,$0
NORESTE,DIV MONTERREY,4210,150 SAN NICOLAS DE LOS GARZA,RT019,200001684,Depósito Las Flores 42,non digital,0 %,$0
NORESTE,DIV MONTERREY,4210,150 SAN NICOLAS DE LOS GARZA,RT019,200001754,Minisuper San José 25,non digital,0 %,$0
NORESTE,DIV MONTERREY,4210,150 SAN NICOLAS DE LOS GARZA,RT019,200001758,Comercial Santa Fe 57,non digital,0 %,$0
NORESTE,DIV MONTERREY,4210,150 SAN NICOLAS DE LOS GARZA,RT019,200001764,Mercadito El Roble 20,non digital,0 %,$0
NORESTE,DIV MONTERREY,4210,150 SAN NICOLAS DE LOS GARZA,RT019,200001765,Mercadito Las Flores 93,non digital,0 %,$0
NORESTE,DIV MONTERREY,4210,150 SAN NICOLAS DE LOS GARZA,RT019,200001817,Abarrotes Los Alamos 54,non digital,0 %,$0
NORESTE,DIV MONTERREY,4210,150 SAN NICOLAS DE LOS GARZA,RT019,200001819,Tienda La Fortuna 56,non digital,0 %,$0
NORESTE,DIV MONTERREY,4210,150 SAN NICOLAS DE LOS GARZA,RT019,200001828,Abarrotes Los Alamos 44,non digital,0 %,$0
NORESTE,DIV MONTERREY,4210,150 SAN NICOLAS DE LOS GARZA,RT019,200001845,Super Las Flores 38,non digital,0 %,$0
NORESTE,DIV MONTERREY,4210,150 SAN NICOLAS DE LOS GARZA,RT019,200001846,Comercial Santa Cruz 54,non digital,0 %,$0
NORESTE,DIV MONTERREY,4210,150 SAN NICOLAS DE LOS GARZA,RT019,200001847,Abarrotes El Roble 10,non digital,0 %,$0
NORESTE,DIV MONTERREY,4210,150 SAN NICOLAS DE LOS GARZA,RT019,200001857,Abarrotes El Progreso 42,non digital,0 %,$0
NORESTE,DIV MONTERREY,4210,150 SAN NICOLAS DE LOS GARZA,RT019,200001858,Bodega Del Valle 15,non digital,0 %,$0
NORESTE,DIV MONTERREY,4210,150 SAN NICOLAS DE LOS GARZA,RT019,200001865,Abarrotes El Roble 27,non digital,0 %,$0
NORESTE,DIV MONTERREY,4210,150 SAN NICOLAS DE LOS GARZA,RT019,200001868,Tienda Santa Fe 73,non digital,0 %,$0
NORESTE,DIV MONTERREY,4210,150 SAN NICOLAS DE LOS GARZA,RT019,200001872,Mini Market El Progreso 83,non digital,0 %,$0
NORESTE,DIV MONTERREY,4210,150 SAN NICOLAS DE LOS GARZA,RT019,200001877,Bodega La Victoria 1,non digital,0 %,$0
NORESTE,DIV MONTERREY,4210,150 SAN NICOLAS DE LOS GARZA,RT019,200001880,Comercial El Progreso 34,non digital,0 %,$0
NORESTE,DIV MONTERREY,4210,150 SAN NICOLAS DE LOS GARZA,RT019,200001980,Super Las Flores 45,non digital,0 %,$0
NORESTE,DIV MONTERREY,4210,150 SAN NICOLAS DE LOS GARZA,RT020,200000006,Abarrotes El Trebol 26,non digital,0 %,$0
NORESTE,DIV MONTERREY,4210,150 SAN NICOLAS DE LOS GARZA,RT020,200000366,Tienda El Progreso 21,non digital,0 %,$0
NORESTE,DIV MONTERREY,4210,150 SAN NICOLAS DE LOS GARZA,RT020,200000571,Comercial La Victoria 47,non digital,0 %,$0
NORESTE,DIV MONTERREY,4210,150 SAN NICOLAS DE LOS GARZA,RT020,200000784,Comercial La Esperanza 76,non digital,0 %,$0
NORESTE,DIV MONTERREY,4210,150 SAN NICOLAS DE LOS GARZA,RT020,200001108,Minisuper El Mirador 94,non digital,0 %,$0
NORESTE,DIV MONTERREY,4210,150 SAN NICOLAS DE LOS GARZA,RT021,200000084,Tienda Santa Fe 94,non digital,0 %,$0
NORESTE,DIV MONTERREY,4210,150 SAN NICOLAS DE LOS GARZA,RT021,200000117,Frutería Los Pinos 30,non digital,0 %,$0
NORESTE,DIV MONTERREY,4210,150 SAN NICOLAS DE LOS GARZA,RT021,200000153,Tienda Santa Fe 62,non digital,0 %,$0
NORESTE,DIV MONTERREY,4210,150 SAN NICOLAS DE LOS GARZA,RT021,200000157,Abarrotes El Mirador 23,non digital,0 %,$0
NORESTE,DIV MONTERREY,4210,150 SAN NICOLAS DE LOS GARZA,RT021,200000201,Minisuper El Roble 69,non digital,0 %,$0
NORESTE,DIV MONTERREY,4210,150 SAN NICOLAS DE LOS GARZA,RT021,200000207,Comercial El Roble 35,non digital,0 %,$0
NORESTE,DIV MONTERREY,4210,150 SAN NICOLAS DE LOS GARZA,RT021,200000214,Tienda La Victoria 86,non digital,0 %,$0
NORESTE,DIV MONTERREY,4210,150 SAN NICOLAS DE LOS GARZA,RT021,200000238,Bodega Las Flores 47,non digital,0 %,$0
NORESTE,DIV MONTERREY,4210,150 SAN NICOLAS DE LOS GARZA,RT021,200000296,Super La Fortuna 29,non digital,0 %,$0
NORESTE,DIV MONTERREY,4210,150 SAN NICOLAS DE LOS GARZA,RT021,200000352,Minisuper Santa Fe 17,non digital,0 %,$0
NORESTE,DIV MONTERREY,4210,150 SAN NICOLAS DE LOS GARZA,RT021,200000371,Minisuper Las Flores 44,non digital,0 %,$0
NORESTE,DIV MONTERREY,4210,150 SAN NICOLAS DE LOS GARZA,RT021,200000386,Super El Sol 91,non digital,0 %,$0
NORESTE,DIV MONTERREY,4210,150 SAN NICOLAS DE LOS GARZA,RT021,200000387,Mercadito La Unión 43,non digital,0 %,$0
NORESTE,DIV MONTERREY,4210,150 SAN NICOLAS DE LOS GARZA,RT021,200000540,Minisuper El Progreso 51,non digital,0 %,$0
NORESTE,DIV MONTERREY,4210,150 SAN NICOLAS DE LOS GARZA,RT021,200000555,Abarrotes El Trebol 14,non digital,0 %,$0
NORESTE,DIV MONTERREY,4210,150 SAN NICOLAS DE LOS GARZA,RT021,200000746,Mini Market Las Flores 49,non digital,0 %,$0
NORESTE,DIV MONTERREY,4210,150 SAN NICOLAS DE LOS GARZA,RT021,200000783,Depósito Las Flores 99,non digital,0 %,$0
NORESTE,DIV MONTERREY,4210,150 SAN NICOLAS DE LOS GARZA,RT021,200000789,Frutería Del Norte 64,non digital,0 %,$0
NORESTE,DIV MONTERREY,4210,150 SAN NICOLAS DE LOS GARZA,RT021,200000812,Abarrotes Los Alamos 40,non digital,0 %,$0
NORESTE,DIV MONTERREY,4210,150 SAN NICOLAS DE LOS GARZA,RT021,200000833,Super Santa Cruz 55,non digital,0 %,$0
NORESTE,DIV MONTERREY,4210,150 SAN NICOLAS DE LOS GARZA,RT021,200000934,Mini Market El Encanto 2,non digital,0 %,$0
NORESTE,DIV MONTERREY,4210,150 SAN NICOLAS DE LOS GARZA,RT021,200000943,Mini Market Del Norte 87,non digital,0 %,$0
NORESTE,DIV MONTERREY,4210,150 SAN NICOLAS DE LOS GARZA,RT021,200000975,Depósito Santa Fe 52,non digital,0 %,$0
NORESTE,DIV MONTERREY,4210,150 SAN NICOLAS DE LOS GARZA,RT021,200001005,Depósito El Sol 85,non digital,0 %,$0
NORESTE,DIV MONTERREY,4210,150 SAN NICOLAS DE LOS GARZA,RT021,200001119,Mercadito Del Valle 31,non digital,0 %,$0
NORESTE,DIV MONTERREY,4210,150 SAN NICOLAS DE LOS GARZA,RT021,200001170,Abarrotes Las Flores 38,non digital,0 %,$0
NORESTE,DIV MONTERREY,4210,150 SAN NICOLAS DE LOS GARZA,RT021,200001196,Mercadito El Mirador 40,non digital,0 %,$0
NORESTE,DIV MONTERREY,4210,150 SAN NICOLAS DE LOS GARZA,RT021,200001200,Comercial La Unión 19,non digital,0 %,$0
NORESTE,DIV MONTERREY,4210,150 SAN NICOLAS DE LOS GARZA,RT021,200001217,Comercial Las Flores 13,non digital,0 %,$0
NORESTE,DIV MONTERREY,4210,150 SAN NICOLAS DE LOS GARZA,RT021,200001218,Super El Trebol 27,non digital,0 %,$0
NORESTE,DIV MONTERREY,4210,150 SAN NICOLAS DE LOS GARZA,RT021,200001263,Bodega Santa Cruz 94,non digital,0 %,$0
NORESTE,DIV MONTERREY,4210,150 SAN NICOLAS DE LOS GARZA,RT021,200001275,Depósito La Unión 49,non digital,0 %,$0
NORESTE,DIV MONTERREY,4210,150 SAN NICOLAS DE LOS GARZA,RT021,200001322,Super La Perla 12,non digital,0 %,$0
NORESTE,DIV MONTERREY,4210,150 SAN NICOLAS DE LOS GARZA,RT021,200001379,Mini Market El Trebol 31,non digital,0 %,$0
NORESTE,DIV MONTERREY,4210,150 SAN NICOLAS DE LOS GARZA,RT021,200001426,Mercadito Buena Vista 10,non digital,0 %,$0
NORESTE,DIV MONTERREY,4210,150 SAN NICOLAS DE LOS GARZA,RT021,200001460,Mini Market San José 22,non digital,0 %,$0
NORESTE,DIV MONTERREY,4210,150 SAN NICOLAS DE LOS GARZA,RT021,200001469,Super El Progreso 6,non digital,0 %,$0
NORESTE,DIV MONTERREY,4210,150 SAN NICOLAS DE LOS GARZA,RT021,200001509,Frutería La Fortuna 43,non digital,0 %,$0
NORESTE,DIV MONTERREY,4210,150 SAN NICOLAS DE LOS GARZA,RT021,200001528,Tienda El Mirador 9,non digital,0 %,$0
NORESTE,DIV MONTERREY,4210,150 SAN NICOLAS DE LOS GARZA,RT021,200001552,Mercadito La Fortuna 79,non digital,0 %,$0
NORESTE,DIV MONTERREY,4210,150 SAN NICOLAS DE LOS GARZA,RT021,200001553,Minisuper Buena Vista 22,non digital,0 %,$0
NORESTE,DIV MONTERREY,4210,150 SAN NICOLAS DE LOS GARZA,RT021,200001581,Mini Market Buena Vista 85,non digital,0 %,$0
NORESTE,DIV MONTERREY,4210,150 SAN NICOLAS DE LOS GARZA,RT021,200001588,Frutería Las Flores 65,non digital,0 %,$0
NORESTE,DIV MONTERREY,4210,150 SAN NICOLAS DE LOS GARZA,RT021,200001624,Depósito La Perla 5,non digital,0 %,$0
NORESTE,DIV MONTERREY,4210,150 SAN NICOLAS DE LOS GARZA,RT021,200001631,Tienda El Encanto 99,non digital,0 %,$0
NORESTE,DIV MONTERREY,4210,150 SAN NICOLAS DE LOS GARZA,RT021,200001665,Frutería La Perla 7,non digital,0 %,$0
NORESTE,DIV MONTERREY,4210,150 SAN NICOLAS DE LOS GARZA,RT021,200001685,Depósito Del Valle 94,non digital,0 %,$0
NORESTE,DIV MONTERREY,4210,150 SAN NICOLAS DE LOS GARZA,RT021,200001762,Minisuper Las Flores 44,non digital,0 %,$0
NORESTE,DIV MONTERREY,4210,150 SAN NICOLAS DE LOS GARZA,RT021,200001771,Bodega La Perla 13,non digital,0 %,$0
NORESTE,DIV MONTERREY,4210,150 SAN NICOLAS DE LOS GARZA,RT021,200001772,Bodega Del Norte 3,non digital,0 %,$0
NORESTE,DIV MONTERREY,4210,150 SAN NICOLAS DE LOS GARZA,RT021,200001773,Bodega Las Flores 37,non digital,0 %,$0
NORESTE,DIV MONTERREY,4210,150 SAN NICOLAS DE LOS GARZA,RT021,200001807,Depósito La Fortuna 54,non digital,0 %,$0
NORESTE,DIV MONTERREY,4210,150 SAN NICOLAS DE LOS GARZA,RT021,200001808,Mini Market Los Alamos 92,non digital,0 %,$0
NORESTE,DIV MONTERREY,4210,150 SAN NICOLAS DE LOS GARZA,RT021,200001810,Mercadito El Roble 24,non digital,0 %,$0
NORESTE,DIV MONTERREY,4210,150 SAN NICOLAS DE LOS GARZA,RT021,200001825,Comercial Del Valle 44,non digital,0 %,$0
NORESTE,DIV MONTERREY,4210,150 SAN NICOLAS DE LOS GARZA,RT021,200001829,Bodega El Progreso 80,non digital,0 %,$0
NORESTE,DIV MONTERREY,4210,150 SAN NICOLAS DE LOS GARZA,RT021,200001832,Comercial Los Alamos 98,non digital,0 %,$0
NORESTE,DIV MONTERREY,4210,150 SAN NICOLAS DE LOS GARZA,RT021,200001833,Comercial Buena Vista 37,non digital,0 %,$0
NORESTE,DIV MONTERREY,4210,150 SAN NICOLAS DE LOS GARZA,RT021,200001834,Comercial Los Pinos 29,non digital,0 %,$0
NORESTE,DIV MONTERREY,4210,150 SAN NICOLAS DE LOS GARZA,RT021,200001838,Frutería El Mirador 79,non digital,0 %,$0
NORESTE,DIV MONTERREY,4210,150 SAN NICOLAS DE LOS GARZA,RT021,200001885,Mercadito El Sol 77,non digital,0 %,$0
NORESTE,DIV MONTERREY,4210,150 SAN NICOLAS DE LOS GARZA,RT021,200001971,Abarrotes El Encanto 83,non digital,0 %,$0
NORESTE,DIV MONTERREY,4210,150 SAN NICOLAS DE LOS GARZA,RT022,200000019,Bodega El Progreso 41,non digital,0 %,$0
NORESTE,DIV MONTERREY,4210,150 SAN NICOLAS DE LOS GARZA,RT022,200000045,Depósito La Perla 64,non digital,0 %,$0
NORESTE,DIV MONTERREY,4210,150 SAN NICOLAS DE LOS GARZA,RT022,200000345,Bodega Del Norte 31,non digital,0 %,$0
NORESTE,DIV MONTERREY,4210,150 SAN NICOLAS DE LOS GARZA,RT022,200000595,Bodega El Progreso 80,non digital,0 %,$0
NORESTE,DIV MONTERREY,4210,150 SAN NICOLAS DE LOS GARZA,RT022,200000596,Abarrotes El Sol 45,non digital,0 %,$0
NORESTE,DIV MONTERREY,4210,150 SAN NICOLAS DE LOS GARZA,RT022,200000599,Mercadito Del Norte 50,non digital,0 %,$0
NORESTE,DIV MONTERREY,4210,150 SAN NICOLAS DE LOS GARZA,RT022,200000607,Super El Mirador 40,non digital,0 %,$0
NORESTE,DIV MONTERREY,4210,150 SAN NICOLAS DE LOS GARZA,RT022,200000639,Frutería La Esperanza 26,non digital,0 %,$0
NORESTE,DIV MONTERREY,4210,150 SAN NICOLAS DE LOS GARZA,RT022,200000650,Frutería La Victoria 40,non digital,0 %,$0
NORESTE,DIV MONTERREY,4210,150 SAN NICOLAS DE LOS GARZA,RT022,200000678,Abarrotes El Progreso 57,non digital,0 %,$0
NORESTE,DIV MONTERREY,4210,150 SAN NICOLAS DE LOS GARZA,RT022,200000681,Frutería La Esperanza 47,non digital,0 %,$0
NORESTE,DIV MONTERREY,4210,150 SAN NICOLAS DE LOS GARZA,RT022,200000685,Abarrotes La Fortuna 10,non digital,0 %,$0
NORESTE,DIV MONTERREY,4210,150 SAN NICOLAS DE LOS GARZA,RT022,200000691,Tienda Del Norte 63,non digital,0 %,$0
NORESTE,DIV MONTERREY,4210,150 SAN NICOLAS DE LOS GARZA,RT022,200000868,Bodega El Mirador 41,non digital,0 %,$0
NORESTE,DIV MONTERREY,4210,150 SAN NICOLAS DE LOS GARZA,RT022,200000980,Tienda La Unión 38,non digital,0 %,$0
NORESTE,DIV MONTERREY,4210,150 SAN NICOLAS DE LOS GARZA,RT022,200000992,Abarrotes El Roble 70,non digital,0 %,$0
NORESTE,DIV MONTERREY,4210,150 SAN NICOLAS DE LOS GARZA,RT022,200001416,Frutería Del Valle 43,non digital,0 %,$0
NORESTE,DIV MONTERREY,4210,150 SAN NICOLAS DE LOS GARZA,RT022,200001578,Abarrotes Santa Cruz 51,non digital,0 %,$0
NORESTE,DIV MONTERREY,4210,150 SAN NICOLAS DE LOS GARZA,RT022,200001599,Comercial El Sol 52,non digital,0 %,$0
NORESTE,DIV MONTERREY,4210,150 SAN NICOLAS DE LOS GARZA,RT022,200001709,Tienda El Roble 14,non digital,0 %,$0
NORESTE,DIV MONTERREY,4210,150 SAN NICOLAS DE LOS GARZA,RT022,200002029,Bodega La Fortuna 10,non digital,0 %,$0
NORESTE,DIV MONTERREY,4210,150 SAN NICOLAS DE LOS GARZA,RT014,200001039,Mini Market La Victoria 98,hibrido,5 %,$85.59
NORESTE,DIV MONTERREY,4210,150 SAN NICOLAS DE LOS GARZA,RT018,200001895,Mercadito La Victoria 61,hibrido,5 %,$101.83
NORESTE,DIV MONTERREY,4210,150 SAN NICOLAS DE LOS GARZA,RT008,200001019,Comercial La Victoria 54,hibrido,7 %,$109.42
NORESTE,DIV MONTERREY,4210,150 SAN NICOLAS DE LOS GARZA,RT006,200001750,Depósito La Perla 10,hibrido,3 %,$116.38
NORESTE,DIV MONTERREY,4210,150 SAN NICOLAS DE LOS GARZA,RT009,200000736,Minisuper Del Norte 69,hibrido,28 %,$119.83
NORESTE,DIV MONTERREY,4210,150 SAN NICOLAS DE LOS GARZA,RT021,200000396,Depósito El Roble 3,hibrido,11 %,$121.56
NORESTE,DIV MONTERREY,4210,150 SAN NICOLAS DE LOS GARZA,RT009,200000269,Frutería San José 22,hibrido,8 %,$145.49
NORESTE,DIV MONTERREY,4210,150 SAN NICOLAS DE LOS GARZA,RT009,200000519,Comercial Santa Fe 31,hibrido,3 %,$145.49
NORESTE,DIV MONTERREY,4210,150 SAN NICOLAS DE LOS GARZA,RT016,200000666,Comercial Buena Vista 61,hibrido,31 %,$158.34
NORESTE,DIV MONTERREY,4210,150 SAN NICOLAS DE LOS GARZA,RT010,200000383,Frutería El Encanto 73,hibrido,8 %,$171.18
NORESTE,DIV MONTERREY,4210,150 SAN NICOLAS DE LOS GARZA,RT010,200000440,Depósito El Mirador 64,hibrido,6 %,$171.18
NORESTE,DIV MONTERREY,4210,150 SAN NICOLAS DE LOS GARZA,RT010,200000983,Abarrotes La Perla 32,hibrido,4 %,$171.18
NORESTE,DIV MONTERREY,4210,150 SAN NICOLAS DE LOS GARZA,RT010,200001405,Abarrotes San José 32,hibrido,4 %,$171.18
NORESTE,DIV MONTERREY,4210,150 SAN NICOLAS DE LOS GARZA,RT014,200001371,Mini Market La Fortuna 29,hibrido,6 %,$171.18
NORESTE,DIV MONTERREY,4210,150 SAN NICOLAS DE LOS GARZA,RT015,200001401,Depósito Del Norte 42,hibrido,33 %,$171.18
NORESTE,DIV MONTERREY,4210,150 SAN NICOLAS DE LOS GARZA,RT021,200001770,Super La Victoria 10,hibrido,50 %,$171.19
NORESTE,DIV MONTERREY,4210,150 SAN NICOLAS DE LOS GARZA,RT015,200000858,Comercial Los Alamos 57,hibrido,9 %,$174.58
NORESTE,DIV MONTERREY,4210,150 SAN NICOLAS DE LOS GARZA,RT015,200000110,Mercadito San José 92,fully,100 %,$188.34
NORESTE,DIV MONTERREY,4210,150 SAN NICOLAS DE LOS GARZA,RT007,200000498,Bodega Santa Fe 6,fully,100 %,$188.36
NORESTE,DIV MONTERREY,4210,150 SAN NICOLAS DE LOS GARZA,RT012,200001932,Super El Roble 79,hibrido,38 %,$197.69
NORESTE,DIV MONTERREY,4210,150 SAN NICOLAS DE LOS GARZA,RT006,200001860,Frutería La Perla 29,hibrido,34 %,$205.4
NORESTE,DIV MONTERREY,4210,150 SAN NICOLAS DE LOS GARZA,RT007,200000869,Depósito La Unión 23,hibrido,36 %,$205.41
NORESTE,DIV MONTERREY,4210,150 SAN NICOLAS DE LOS GARZA,RT019,200001855,Abarrotes Los Pinos 74,hibrido,20 %,$205.48
NORESTE,DIV MONTERREY,4210,150 SAN NICOLAS DE LOS GARZA,RT019,200001869,Super Los Pinos 40,hibrido,41 %,$206.49
NORESTE,DIV MONTERREY,4210,150 SAN NICOLAS DE LOS GARZA,RT002,200001992,Minisuper El Encanto 10,hibrido,22 %,$209.69
NORESTE,DIV MONTERREY,4210,150 SAN NICOLAS DE LOS GARZA,RT015,200000071,Frutería La Fortuna 32,hibrido,4 %,$210.56
NORESTE,DIV MONTERREY,4210,150 SAN NICOLAS DE LOS GARZA,RT002,200001953,Super Del Norte 1,hibrido,21 %,$210.57
NORESTE,DIV MONTERREY,4210,150 SAN NICOLAS DE LOS GARZA,RT012,200001996,Mercadito El Mirador 35,hibrido,19 %,$211.4
NORESTE,DIV MONTERREY,4210,150 SAN NICOLAS DE LOS GARZA,RT009,200001517,Mercadito Del Norte 69,hibrido,4 %,$218.22
NORESTE,DIV MONTERREY,4210,150 SAN NICOLAS DE LOS GARZA,RT018,200001515,Depósito Santa Cruz 4,hibrido,15 %,$222.55
NORESTE,DIV MONTERREY,4210,150 SAN NICOLAS DE LOS GARZA,RT014,200001208,Depósito La Unión 48,hibrido,2 %,$226.03
NORESTE,DIV MONTERREY,4210,150 SAN NICOLAS DE LOS GARZA,RT006,200001949,Bodega San José 6,hibrido,39 %,$226.04
NORESTE,DIV MONTERREY,4210,150 SAN NICOLAS DE LOS GARZA,RT008,200001016,Comercial El Mirador 57,hibrido,16 %,$244.8
NORESTE,DIV MONTERREY,4210,150 SAN NICOLAS DE LOS GARZA,RT016,200001046,Bodega San José 50,hibrido,33 %,$256.77
NORESTE,DIV MONTERREY,4210,150 SAN NICOLAS DE LOS GARZA,RT012,200001940,Frutería Las Flores 35,fully,74 %,$258.46
NORESTE,DIV MONTERREY,4210,150 SAN NICOLAS DE LOS GARZA,RT018,200000047,Tienda Del Norte 48,hibrido,23 %,$274.77
NORESTE,DIV MONTERREY,4210,150 SAN NICOLAS DE LOS GARZA,RT019,200001686,Bodega El Sol 71,hibrido,52 %,$277.34
NORESTE,DIV MONTERREY,4210,150 SAN NICOLAS DE LOS GARZA,RT020,200001568,Abarrotes Los Alamos 11,hibrido,8 %,$282.44
NORESTE,DIV MONTERREY,4210,150 SAN NICOLAS DE LOS GARZA,RT004,200001514,Frutería San José 80,hibrido,17 %,$282.53
NORESTE,DIV MONTERREY,4210,150 SAN NICOLAS DE LOS GARZA,RT008,200000063,Depósito El Trebol 51,hibrido,31 %,$289.31
NORESTE,DIV MONTERREY,4210,150 SAN NICOLAS DE LOS GARZA,RT009,200001712,Abarrotes Los Alamos 47,hibrido,10 %,$290.96
NORESTE,DIV MONTERREY,4210,150 SAN NICOLAS DE LOS GARZA,RT009,200002013,Comercial Los Alamos 3,hibrido,22 %,$290.96
NORESTE,DIV MONTERREY,4210,150 SAN NICOLAS DE LOS GARZA,RT008,200001794,Mini Market Los Pinos 17,hibrido,35 %,$302.09
NORESTE,DIV MONTERREY,4210,150 SAN NICOLAS DE LOS GARZA,RT014,200001508,Frutería El Encanto 36,hibrido,10 %,$303.09
NORESTE,DIV MONTERREY,4210,150 SAN NICOLAS DE LOS GARZA,RT014,200001642,Mercadito El Progreso 34,hibrido,16 %,$303.1
NORESTE,DIV MONTERREY,4210,150 SAN NICOLAS DE LOS GARZA,RT011,200000282,Bodega Los Pinos 52,hibrido,36 %,$303.8
NORESTE,DIV MONTERREY,4210,150 SAN NICOLAS DE LOS GARZA,RT019,200001621,Mini Market Los Alamos 37,hibrido,26 %,$304.72
NORESTE,DIV MONTERREY,4210,150 SAN NICOLAS DE LOS GARZA,RT012,200001942,Mercadito El Mirador 63,hibrido,25 %,$306.3
NORESTE,DIV MONTERREY,4210,150 SAN NICOLAS DE LOS GARZA,RT017,200001242,Depósito Los Pinos 89,fully,100 %,$308.12
NORESTE,DIV MONTERREY,4210,150 SAN NICOLAS DE LOS GARZA,RT002,200000538,Tienda Los Pinos 13,fully,100 %,$308.98
NORESTE,DIV MONTERREY,4210,150 SAN NICOLAS DE LOS GARZA,RT002,200001991,Mercadito La Victoria 30,hibrido,50 %,$313.31
NORESTE,DIV MONTERREY,4210,150 SAN NICOLAS DE LOS GARZA,RT006,200000771,Frutería Del Norte 22,hibrido,13 %,$313.95
NORESTE,DIV MONTERREY,4210,150 SAN NICOLAS DE LOS GARZA,RT012,200001933,Abarrotes La Perla 9,hibrido,24 %,$320.06
NORESTE,DIV MONTERREY,4210,150 SAN NICOLAS DE LOS GARZA,RT003,200000539,Mini Market Del Norte 77,hibrido,14 %,$325.28
NORESTE,DIV MONTERREY,4210,150 SAN NICOLAS DE LOS GARZA,RT019,200001744,Depósito Los Pinos 55,hibrido,22 %,$327.41
NORESTE,DIV MONTERREY,4210,150 SAN NICOLAS DE LOS GARZA,RT009,200000210,Minisuper Del Valle 76,hibrido,23 %,$333.85
NORESTE,DIV MONTERREY,4210,150 SAN NICOLAS DE LOS GARZA,RT009,200000255,Frutería La Fortuna 65,hibrido,10 %,$333.85
NORESTE,DIV MONTERREY,4210,150 SAN NICOLAS DE LOS GARZA,RT009,200001630,Bodega El Progreso 97,hibrido,24 %,$339.65
NORESTE,DIV MONTERREY,4210,150 SAN NICOLAS DE LOS GARZA,RT015,200000752,Tienda Las Flores 15,hibrido,35 %,$342.35
NORESTE,DIV MONTERREY,4210,150 SAN NICOLAS DE LOS GARZA,RT010,200000026,Frutería El Roble 99,hibrido,7 %,$342.36
NORESTE,DIV MONTERREY,4210,150 SAN NICOLAS DE LOS GARZA,RT014,200000627,Tienda La Victoria 9,hibrido,7 %,$342.49
NORESTE,DIV MONTERREY,4210,150 SAN NICOLAS DE LOS GARZA,RT019,200000381,Super Los Pinos 50,hibrido,23 %,$352.67
NORESTE,DIV MONTERREY,4210,150 SAN NICOLAS DE LOS GARZA,RT021,200001831,Frutería Las Flores 53,hibrido,16 %,$360.82
NORESTE,DIV MONTERREY,4210,150 SAN NICOLAS DE LOS GARZA,RT012,200002007,Depósito Del Norte 68,hibrido,33 %,$362.97
NORESTE,DIV MONTERREY,4210,150 SAN NICOLAS DE LOS GARZA,RT003,200000891,Frutería El Sol 88,hibrido,11 %,$365.51
NORESTE,DIV MONTERREY,4210,150 SAN NICOLAS DE LOS GARZA,RT004,200000209,Frutería Santa Cruz 51,hibrido,22 %,$376.58
NORESTE,DIV MONTERREY,4210,150 SAN NICOLAS DE LOS GARZA,RT009,200000095,Abarrotes El Roble 72,hibrido,14 %,$376.62
NORESTE,DIV MONTERREY,4210,150 SAN NICOLAS DE LOS GARZA,RT006,200000913,Mini Market El Mirador 68,hibrido,10 %,$376.73
NORESTE,DIV MONTERREY,4210,150 SAN NICOLAS DE LOS GARZA,RT012,200001943,Tienda Las Flores 40,hibrido,27 %,$379.1
NORESTE,DIV MONTERREY,4210,150 SAN NICOLAS DE LOS GARZA,RT017,200000229,Depósito La Victoria 12,fully,100 %,$379.2
NORESTE,DIV MONTERREY,4210,150 SAN NICOLAS DE LOS GARZA,RT004,200000501,Depósito La Victoria 84,hibrido,21 %,$385.18
NORESTE,DIV MONTERREY,4210,150 SAN NICOLAS DE LOS GARZA,RT019,200000322,Tienda Santa Cruz 75,hibrido,61 %,$387.72
NORESTE,DIV MONTERREY,4210,150 SAN NICOLAS DE LOS GARZA,RT017,200001008,Mini Market La Victoria 86,fully,100 %,$402.32
NORESTE,DIV MONTERREY,4210,150 SAN NICOLAS DE LOS GARZA,RT013,200001902,Super Del Valle 91,hibrido,3 %,$406.57
NORESTE,DIV MONTERREY,4210,150 SAN NICOLAS DE LOS GARZA,RT016,200000626,Super Santa Fe 34,hibrido,23 %,$407.34
NORESTE,DIV MONTERREY,4210,150 SAN NICOLAS DE LOS GARZA,RT011,200001079,Abarrotes La Unión 66,fully,100 %,$410.83
NORESTE,DIV MONTERREY,4210,150 SAN NICOLAS DE LOS GARZA,RT009,200000405,Tienda El Mirador 6,hibrido,8 %,$414.34
NORESTE,DIV MONTERREY,4210,150 SAN NICOLAS DE LOS GARZA,RT016,200001333,Depósito Buena Vista 94,hibrido,8 %,$423.68
NORESTE,DIV MONTERREY,4210,150 SAN NICOLAS DE LOS GARZA,RT016,200002053,Comercial Del Norte 57,hibrido,12 %,$428.47
NORESTE,DIV MONTERREY,4210,150 SAN NICOLAS DE LOS GARZA,RT006,200001898,Minisuper Las Flores 9,hibrido,19 %,$431.44
NORESTE,DIV MONTERREY,4210,150 SAN NICOLAS DE LOS GARZA,RT006,200001888,Frutería Los Alamos 79,fully,100 %,$433.24
NORESTE,DIV MONTERREY,4210,150 SAN NICOLAS DE LOS GARZA,RT015,200001128,Comercial San José 81,hibrido,59 %,$449.35
NORESTE,DIV MONTERREY,4210,150 SAN NICOLAS DE LOS GARZA,RT004,200000963,Abarrotes El Encanto 92,hibrido,22 %,$470.98
NORESTE,DIV MONTERREY,4210,150 SAN NICOLAS DE LOS GARZA,RT018,200000460,Abarrotes Las Flores 50,hibrido,17 %,$500.71
NORESTE,DIV MONTERREY,4210,150 SAN NICOLAS DE LOS GARZA,RT004,200001418,Mini Market Santa Cruz 40,hibrido,18 %,$503.29
NORESTE,DIV MONTERREY,4210,150 SAN NICOLAS DE LOS GARZA,RT014,200000778,Bodega La Victoria 67,hibrido,32 %,$505.02
NORESTE,DIV MONTERREY,4210,150 SAN NICOLAS DE LOS GARZA,RT016,200001752,Super El Trebol 73,hibrido,45 %,$506.73
NORESTE,DIV MONTERREY,4210,150 SAN NICOLAS DE LOS GARZA,RT021,200000359,Comercial San José 79,hibrido,32 %,$508.44
NORESTE,DIV MONTERREY,4210,150 SAN NICOLAS DE LOS GARZA,RT008,200001811,Minisuper Las Flores 93,hibrido,55 %,$510.1
NORESTE,DIV MONTERREY,4210,150 SAN NICOLAS DE LOS GARZA,RT002,200000104,Frutería Las Flores 60,hibrido,54 %,$510.18
NORESTE,DIV MONTERREY,4210,150 SAN NICOLAS DE LOS GARZA,RT009,200001439,Tienda Del Norte 99,hibrido,10 %,$510.79
NORESTE,DIV MONTERREY,4210,150 SAN NICOLAS DE LOS GARZA,RT018,200001361,Mini Market La Esperanza 89,hibrido,30 %,$511.34
NORESTE,DIV MONTERREY,4210,150 SAN NICOLAS DE LOS GARZA,RT014,200000707,Frutería El Progreso 15,hibrido,7 %,$511.84
NORESTE,DIV MONTERREY,4210,150 SAN NICOLAS DE LOS GARZA,RT018,200001375,Depósito La Fortuna 26,hibrido,40 %,$513.54
NORESTE,DIV MONTERREY,4210,150 SAN NICOLAS DE LOS GARZA,RT004,200000416,Comercial El Mirador 63,hibrido,21 %,$517.8
NORESTE,DIV MONTERREY,4210,150 SAN NICOLAS DE LOS GARZA,RT012,200002009,Super Santa Fe 36,hibrido,39 %,$520.48
NORESTE,DIV MONTERREY,4210,150 SAN NICOLAS DE LOS GARZA,RT008,200001726,Bodega Del Valle 11,hibrido,9 %,$522.7
NORESTE,DIV MONTERREY,4210,150 SAN NICOLAS DE LOS GARZA,RT011,200000205,Minisuper Buena Vista 11,hibrido,46 %,$540.14
NORESTE,DIV MONTERREY,4210,150 SAN NICOLAS DE LOS GARZA,RT016,200001219,Bodega El Sol 15,hibrido,32 %,$548.61
NORESTE,DIV MONTERREY,4210,150 SAN NICOLAS DE LOS GARZA,RT017,200001251,Mini Market La Esperanza 77,fully,89 %,$562.42
NORESTE,DIV MONTERREY,4210,150 SAN NICOLAS DE LOS GARZA,RT012,200000580,Tienda La Esperanza 13,hibrido,37 %,$565.59
NORESTE,DIV MONTERREY,4210,150 SAN NICOLAS DE LOS GARZA,RT012,200001620,Tienda La Victoria 13,hibrido,24 %,$567.28
NORESTE,DIV MONTERREY,4210,150 SAN NICOLAS DE LOS GARZA,RT012,200000545,Minisuper Santa Cruz 68,hibrido,52 %,$575.17
NORESTE,DIV MONTERREY,4210,150 SAN NICOLAS DE LOS GARZA,RT006,200001844,Comercial Santa Fe 2,hibrido,36 %,$585.46
NORESTE,DIV MONTERREY,4210,150 SAN NICOLAS DE LOS GARZA,RT011,200000130,Super Del Valle 85,hibrido,34 %,$599.13
NORESTE,DIV MONTERREY,4210,150 SAN NICOLAS DE LOS GARZA,RT016,200001740,Depósito La Fortuna 83,hibrido,29 %,$599.13
NORESTE,DIV MONTERREY,4210,150 SAN NICOLAS DE LOS GARZA,RT003,200000905,Minisuper El Progreso 50,hibrido,31 %,$599.95
NORESTE,DIV MONTERREY,4210,150 SAN NICOLAS DE LOS GARZA,RT021,200001301,Mercadito Santa Fe 45,hibrido,13 %,$603.27
NORESTE,DIV MONTERREY,4210,150 SAN NICOLAS DE LOS GARZA,RT012,200001937,Mercadito El Sol 96,hibrido,37 %,$610.35
NORESTE,DIV MONTERREY,4210,150 SAN NICOLAS DE LOS GARZA,RT002,200000529,Bodega La Esperanza 13,hibrido,20 %,$612.81
NORESTE,DIV MONTERREY,4210,150 SAN NICOLAS DE LOS GARZA,RT021,200001248,Depósito La Fortuna 28,fully,100 %,$612.88
NORESTE,DIV MONTERREY,4210,150 SAN NICOLAS DE LOS GARZA,RT019,200000942,Comercial Del Norte 52,hibrido,22 %,$612.97
NORESTE,DIV MONTERREY,4210,150 SAN NICOLAS DE LOS GARZA,RT008,200001230,Frutería Santa Fe 80,fully,100 %,$614.62
NORESTE,DIV MONTERREY,4210,150 SAN NICOLAS DE LOS GARZA,RT012,200001147,Bodega El Sol 59,hibrido,26 %,$616.24
NORESTE,DIV MONTERREY,4210,150 SAN NICOLAS DE LOS GARZA,RT018,200001374,Bodega San José 13,hibrido,46 %,$617.07
NORESTE,DIV MONTERREY,4210,150 SAN NICOLAS DE LOS GARZA,RT018,200001402,Tienda El Progreso 68,hibrido,50 %,$626.54
NORESTE,DIV MONTERREY,4210,150 SAN NICOLAS DE LOS GARZA,RT006,200000453,Super El Trebol 55,hibrido,69 %,$627.39
NORESTE,DIV MONTERREY,4210,150 SAN NICOLAS DE LOS GARZA,RT018,200001072,Comercial La Perla 70,hibrido,26 %,$636.85
NORESTE,DIV MONTERREY,4210,150 SAN NICOLAS DE LOS GARZA,RT014,200000836,Mercadito Los Alamos 75,hibrido,28 %,$650.54
NORESTE,DIV MONTERREY,4210,150 SAN NICOLAS DE LOS GARZA,RT002,200002002,Comercial Las Flores 94,hibrido,35 %,$652.27
NORESTE,DIV MONTERREY,4210,150 SAN NICOLAS DE LOS GARZA,RT017,200000442,Mini Market La Perla 19,fully,100 %,$657.18
NORESTE,DIV MONTERREY,4210,150 SAN NICOLAS DE LOS GARZA,RT018,200001113,Comercial La Esperanza 52,hibrido,58 %,$667.5899999999999
NORESTE,DIV MONTERREY,4210,150 SAN NICOLAS DE LOS GARZA,RT015,200000081,Abarrotes El Progreso 24,hibrido,21 %,$667.6
NORESTE,DIV MONTERREY,4210,150 SAN NICOLAS DE LOS GARZA,RT010,200000190,Mercadito La Unión 84,hibrido,13 %,$667.64
NORESTE,DIV MONTERREY,4210,150 SAN NICOLAS DE LOS GARZA,RT006,200000910,Frutería San José 31,hibrido,4 %,$667.68
NORESTE,DIV MONTERREY,4210,150 SAN NICOLAS DE LOS GARZA,RT014,200001759,Frutería La Fortuna 99,hibrido,25 %,$669.39
NORESTE,DIV MONTERREY,4210,150 SAN NICOLAS DE LOS GARZA,RT012,200000587,Mini Market El Encanto 3,hibrido,47 %,$671
NORESTE,DIV MONTERREY,4210,150 SAN NICOLAS DE LOS GARZA,RT009,200000852,Frutería Las Flores 53,hibrido,31 %,$676.23
NORESTE,DIV MONTERREY,4210,150 SAN NICOLAS DE LOS GARZA,RT016,200002046,Bodega San José 58,hibrido,16 %,$685.26
NORESTE,DIV MONTERREY,4210,150 SAN NICOLAS DE LOS GARZA,RT002,200000432,Comercial Las Flores 36,hibrido,31 %,$700.87
NORESTE,DIV MONTERREY,4210,150 SAN NICOLAS DE LOS GARZA,RT018,200000341,Comercial Del Norte 24,fully,94 %,$703.56
NORESTE,DIV MONTERREY,4210,150 SAN NICOLAS DE LOS GARZA,RT021,200001751,Mercadito Del Valle 26,hibrido,41 %,$707.05
NORESTE,DIV MONTERREY,4210,150 SAN NICOLAS DE LOS GARZA,RT017,200001243,Depósito El Sol 84,fully,100 %,$712.12
NORESTE,DIV MONTERREY,4210,150 SAN NICOLAS DE LOS GARZA,RT012,200002003,Tienda El Mirador 96,fully,100 %,$713.01
NORESTE,DIV MONTERREY,4210,150 SAN NICOLAS DE LOS GARZA,RT019,200000338,Bodega El Sol 58,hibrido,56 %,$714.06
NORESTE,DIV MONTERREY,4210,150 SAN NICOLAS DE LOS GARZA,RT017,200001026,Tienda La Victoria 34,hibrido,50 %,$717.19
NORESTE,DIV MONTERREY,4210,150 SAN NICOLAS DE LOS GARZA,RT014,200001085,Super El Mirador 68,hibrido,16 %,$732.68
NORESTE,DIV MONTERREY,4210,150 SAN NICOLAS DE LOS GARZA,RT018,200001355,Depósito Santa Cruz 65,hibrido,69 %,$740.44
NORESTE,DIV MONTERREY,4210,150 SAN NICOLAS DE LOS GARZA,RT016,200001862,Bodega El Mirador 35,hibrido,24 %,$745.52
NORESTE,DIV MONTERREY,4210,150 SAN NICOLAS DE LOS GARZA,RT018,200000222,Depósito Los Pinos 87,hibrido,59 %,$748.04
NORESTE,DIV MONTERREY,4210,150 SAN NICOLAS DE LOS GARZA,RT002,200001234,Bodega La Fortuna 11,hibrido,36 %,$750.43
NORESTE,DIV MONTERREY,4210,150 SAN NICOLAS DE LOS GARZA,RT008,200000232,Depósito Buena Vista 75,hibrido,47 %,$753.19
NORESTE,DIV MONTERREY,4210,150 SAN NICOLAS DE LOS GARZA,RT017,200000318,Comercial Santa Fe 24,fully,100 %,$789.14
NORESTE,DIV MONTERREY,4210,150 SAN NICOLAS DE LOS GARZA,RT006,200001395,Mini Market Santa Fe 59,fully,100 %,$795.15
NORESTE,DIV MONTERREY,4210,150 SAN NICOLAS DE LOS GARZA,RT012,200001520,Tienda La Esperanza 65,hibrido,64 %,$798.52
NORESTE,DIV MONTERREY,4210,150 SAN NICOLAS DE LOS GARZA,RT018,200000422,Bodega Los Pinos 77,hibrido,59 %,$799.42
NORESTE,DIV MONTERREY,4210,150 SAN NICOLAS DE LOS GARZA,RT003,200000109,Bodega Los Pinos 83,hibrido,22 %,$803.51
NORESTE,DIV MONTERREY,4210,150 SAN NICOLAS DE LOS GARZA,RT003,200001285,Depósito La Perla 14,hibrido,38 %,$803.78
NORESTE,DIV MONTERREY,4210,150 SAN NICOLAS DE LOS GARZA,RT016,200000677,Super Santa Fe 92,hibrido,53 %,$807.7600000000001
NORESTE,DIV MONTERREY,4210,150 SAN NICOLAS DE LOS GARZA,RT006,200001899,Bodega Del Valle 76,hibrido,55 %,$808.84
NORESTE,DIV MONTERREY,4210,150 SAN NICOLAS DE LOS GARZA,RT012,200002011,Super Los Pinos 1,hibrido,70 %,$816.8
NORESTE,DIV MONTERREY,4210,150 SAN NICOLAS DE LOS GARZA,RT017,200001351,Frutería El Mirador 44,hibrido,33 %,$821.49
NORESTE,DIV MONTERREY,4210,150 SAN NICOLAS DE LOS GARZA,RT018,200000758,Mercadito Buena Vista 22,hibrido,20 %,$843.64
NORESTE,DIV MONTERREY,4210,150 SAN NICOLAS DE LOS GARZA,RT010,200001905,Depósito La Unión 99,hibrido,23 %,$855.9000000000001
NORESTE,DIV MONTERREY,4210,150 SAN NICOLAS DE LOS GARZA,RT004,200001913,Minisuper El Mirador 90,hibrido,23 %,$873.92
NORESTE,DIV MONTERREY,4210,150 SAN NICOLAS DE LOS GARZA,RT014,200001187,Super Los Alamos 68,hibrido,14 %,$890.21
NORESTE,DIV MONTERREY,4210,150 SAN NICOLAS DE LOS GARZA,RT006,200001153,Abarrotes El Progreso 69,fully,100 %,$894.08
NORESTE,DIV MONTERREY,4210,150 SAN NICOLAS DE LOS GARZA,RT008,200001062,Bodega Las Flores 67,hibrido,27 %,$896.75
NORESTE,DIV MONTERREY,4210,150 SAN NICOLAS DE LOS GARZA,RT016,200001396,Minisuper El Roble 60,fully,71 %,$899.53
NORESTE,DIV MONTERREY,4210,150 SAN NICOLAS DE LOS GARZA,RT006,200001206,Mercadito El Sol 80,hibrido,44 %,$901.29
NORESTE,DIV MONTERREY,4210,150 SAN NICOLAS DE LOS GARZA,RT012,200000447,Mercadito Las Flores 22,hibrido,17 %,$902.2199999999999
NORESTE,DIV MONTERREY,4210,150 SAN NICOLAS DE LOS GARZA,RT010,200000042,Mercadito San José 27,hibrido,43 %,$912.41
NORESTE,DIV MONTERREY,4210,150 SAN NICOLAS DE LOS GARZA,RT012,200001805,Abarrotes Las Flores 56,hibrido,50 %,$919.25
NORESTE,DIV MONTERREY,4210,150 SAN NICOLAS DE LOS GARZA,RT018,200001191,Mercadito Santa Cruz 47,hibrido,37 %,$923.92
NORESTE,DIV MONTERREY,4210,150 SAN NICOLAS DE LOS GARZA,RT012,200000919,Super Buena Vista 94,hibrido,30 %,$924.97
NORESTE,DIV MONTERREY,4210,150 SAN NICOLAS DE LOS GARZA,RT018,200001458,Mini Market Buena Vista 6,fully,100 %,$926.16
NORESTE,DIV MONTERREY,4210,150 SAN NICOLAS DE LOS GARZA,RT008,200001790,Bodega Los Alamos 56,hibrido,59 %,$936.3299999999999
NORESTE,DIV MONTERREY,4210,150 SAN NICOLAS DE LOS GARZA,RT009,200000826,Bodega Del Valle 4,hibrido,26 %,$937.37
NORESTE,DIV MONTERREY,4210,150 SAN NICOLAS DE LOS GARZA,RT021,200000196,Super La Perla 42,fully,81 %,$939.79
NORESTE,DIV MONTERREY,4210,150 SAN NICOLAS DE LOS GARZA,RT003,200001054,Bodega La Fortuna 55,hibrido,22 %,$944.04
NORESTE,DIV MONTERREY,4210,150 SAN NICOLAS DE LOS GARZA,RT016,200000675,Abarrotes Los Pinos 60,hibrido,43 %,$945.78
NORESTE,DIV MONTERREY,4210,150 SAN NICOLAS DE LOS GARZA,RT004,200002051,Tienda Buena Vista 34,hibrido,15 %,$957.9
NORESTE,DIV MONTERREY,4210,150 SAN NICOLAS DE LOS GARZA,RT018,200001227,Bodega Las Flores 83,hibrido,46 %,$959.29
NORESTE,DIV MONTERREY,4210,150 SAN NICOLAS DE LOS GARZA,RT018,200001300,Minisuper El Mirador 21,hibrido,41 %,$962.02
NORESTE,DIV MONTERREY,4210,150 SAN NICOLAS DE LOS GARZA,RT018,200001364,Depósito Los Pinos 66,fully,72 %,$965.45
NORESTE,DIV MONTERREY,4210,150 SAN NICOLAS DE LOS GARZA,RT017,200000547,Mini Market Del Norte 65,fully,97 %,$968.92
NORESTE,DIV MONTERREY,4210,150 SAN NICOLAS DE LOS GARZA,RT003,200000057,Comercial El Trebol 94,hibrido,43 %,$986.77
NORESTE,DIV MONTERREY,4210,150 SAN NICOLAS DE LOS GARZA,RT011,200000148,Comercial Los Alamos 79,fully,72 %,$993.43
NORESTE,DIV MONTERREY,4210,150 SAN NICOLAS DE LOS GARZA,RT017,200000410,Super Los Alamos 78,hibrido,51 %,$999.68
NORESTE,DIV MONTERREY,4210,150 SAN NICOLAS DE LOS GARZA,RT007,200000937,Frutería Del Norte 78,hibrido,26 %,$999.79
NORESTE,DIV MONTERREY,4210,150 SAN NICOLAS DE LOS GARZA,RT004,200000618,Frutería El Progreso 1,hibrido,32 %,$1000.6
NORESTE,DIV MONTERREY,4210,150 SAN NICOLAS DE LOS GARZA,RT002,200001856,Mini Market La Fortuna 90,hibrido,59 %,$1003.15
NORESTE,DIV MONTERREY,4210,150 SAN NICOLAS DE LOS GARZA,RT017,200001910,Depósito La Fortuna 44,hibrido,64 %,$1006.9
NORESTE,DIV MONTERREY,4210,150 SAN NICOLAS DE LOS GARZA,RT007,200000476,Mercadito Las Flores 51,hibrido,30 %,$1007.38
NORESTE,DIV MONTERREY,4210,150 SAN NICOLAS DE LOS GARZA,RT012,200001984,Minisuper Santa Cruz 74,hibrido,42 %,$1007.43
NORESTE,DIV MONTERREY,4210,150 SAN NICOLAS DE LOS GARZA,RT007,200000549,Super La Perla 66,hibrido,56 %,$1008
NORESTE,DIV MONTERREY,4210,150 SAN NICOLAS DE LOS GARZA,RT003,200001815,Abarrotes El Sol 62,hibrido,58 %,$1008.3
NORESTE,DIV MONTERREY,4210,150 SAN NICOLAS DE LOS GARZA,RT016,200001966,Mercadito Santa Cruz 4,fully,85 %,$1009.89
NORESTE,DIV MONTERREY,4210,150 SAN NICOLAS DE LOS GARZA,RT016,200000668,Comercial El Encanto 55,hibrido,24 %,$1011.01
NORESTE,DIV MONTERREY,4210,150 SAN NICOLAS DE LOS GARZA,RT002,200001968,Depósito El Mirador 37,hibrido,52 %,$1011.73
NORESTE,DIV MONTERREY,4210,150 SAN NICOLAS DE LOS GARZA,RT004,200000388,Minisuper El Progreso 84,hibrido,23 %,$1012.53
NORESTE,DIV MONTERREY,4210,150 SAN NICOLAS DE LOS GARZA,RT002,200000737,Mini Market La Victoria 84,hibrido,54 %,$1015.01
NORESTE,DIV MONTERREY,4210,150 SAN NICOLAS DE LOS GARZA,RT011,200001481,Mercadito El Encanto 77,hibrido,44 %,$1015.07
NORESTE,DIV MONTERREY,4210,150 SAN NICOLAS DE LOS GARZA,RT021,200001121,Minisuper Los Alamos 34,hibrido,54 %,$1015.7
NORESTE,DIV MONTERREY,4210,150 SAN NICOLAS DE LOS GARZA,RT021,200002042,Mercadito El Roble 1,hibrido,24 %,$1019.3
NORESTE,DIV MONTERREY,4210,150 SAN NICOLAS DE LOS GARZA,RT002,200000872,Minisuper La Victoria 14,hibrido,68 %,$1024.56
NORESTE,DIV MONTERREY,4210,150 SAN NICOLAS DE LOS GARZA,RT004,200001082,Frutería Santa Fe 59,hibrido,40 %,$1027.13
NORESTE,DIV MONTERREY,4210,150 SAN NICOLAS DE LOS GARZA,RT017,200001249,Mini Market El Progreso 90,fully,100 %,$1027.14
NORESTE,DIV MONTERREY,4210,150 SAN NICOLAS DE LOS GARZA,RT012,200001696,Mercadito El Mirador 96,hibrido,63 %,$1027.2
NORESTE,DIV MONTERREY,4210,150 SAN NICOLAS DE LOS GARZA,RT017,200001220,Frutería El Mirador 92,fully,100 %,$1027.21
NORESTE,DIV MONTERREY,4210,150 SAN NICOLAS DE LOS GARZA,RT002,200001467,Comercial Del Valle 88,hibrido,39 %,$1031.76
NORESTE,DIV MONTERREY,4210,150 SAN NICOLAS DE LOS GARZA,RT021,200001292,Frutería La Esperanza 38,hibrido,16 %,$1033.54
NORESTE,DIV MONTERREY,4210,150 SAN NICOLAS DE LOS GARZA,RT005,200000828,Abarrotes El Mirador 25,hibrido,14 %,$1039.49
NORESTE,DIV MONTERREY,4210,150 SAN NICOLAS DE LOS GARZA,RT007,200001973,Abarrotes La Victoria 40,hibrido,11 %,$1042.51
NORESTE,DIV MONTERREY,4210,150 SAN NICOLAS DE LOS GARZA,RT004,200000030,Mini Market Santa Cruz 86,hibrido,15 %,$1044.33
NORESTE,DIV MONTERREY,4210,150 SAN NICOLAS DE LOS GARZA,RT017,200001901,Abarrotes El Sol 97,hibrido,36 %,$1046.36
NORESTE,DIV MONTERREY,4210,150 SAN NICOLAS DE LOS GARZA,RT003,200001884,Abarrotes Santa Cruz 43,hibrido,23 %,$1054.35
NORESTE,DIV MONTERREY,4210,150 SAN NICOLAS DE LOS GARZA,RT014,200000680,Minisuper El Mirador 2,hibrido,33 %,$1056.61
NORESTE,DIV MONTERREY,4210,150 SAN NICOLAS DE LOS GARZA,RT011,200001550,Mini Market Los Alamos 91,fully,77 %,$1057.1
NORESTE,DIV MONTERREY,4210,150 SAN NICOLAS DE LOS GARZA,RT012,200001788,Minisuper El Mirador 40,fully,81 %,$1058.83
NORESTE,DIV MONTERREY,4210,150 SAN NICOLAS DE LOS GARZA,RT004,200001134,Bodega La Esperanza 38,hibrido,48 %,$1059.64
NORESTE,DIV MONTERREY,4210,150 SAN NICOLAS DE LOS GARZA,RT021,200000482,Comercial La Fortuna 38,hibrido,21 %,$1068.2
NORESTE,DIV MONTERREY,4210,150 SAN NICOLAS DE LOS GARZA,RT006,200001639,Mini Market Las Flores 35,hibrido,26 %,$1079.32
NORESTE,DIV MONTERREY,4210,150 SAN NICOLAS DE LOS GARZA,RT017,200001423,Mercadito La Victoria 91,hibrido,30 %,$1085.33
NORESTE,DIV MONTERREY,4210,150 SAN NICOLAS DE LOS GARZA,RT017,200001146,Super Del Norte 49,fully,92 %,$1101.5
NORESTE,DIV MONTERREY,4210,150 SAN NICOLAS DE LOS GARZA,RT017,200001000,Tienda La Esperanza 42,fully,100 %,$1101.57
NORESTE,DIV MONTERREY,4210,150 SAN NICOLAS DE LOS GARZA,RT004,200000316,Tienda La Fortuna 77,hibrido,31 %,$1109.99
NORESTE,DIV MONTERREY,4210,150 SAN NICOLAS DE LOS GARZA,RT015,200000306,Abarrotes La Fortuna 55,fully,89 %,$1111.06
NORESTE,DIV MONTERREY,4210,150 SAN NICOLAS DE LOS GARZA,RT018,200001360,Comercial Santa Fe 40,fully,100 %,$1112.69
NORESTE,DIV MONTERREY,4210,150 SAN NICOLAS DE LOS GARZA,RT003,200000759,Comercial El Trebol 35,hibrido,24 %,$1116.95
NORESTE,DIV MONTERREY,4210,150 SAN NICOLAS DE LOS GARZA,RT017,200001185,Abarrotes La Perla 46,fully,100 %,$1123.07
NORESTE,DIV MONTERREY,4210,150 SAN NICOLAS DE LOS GARZA,RT014,200000662,Bodega Las Flores 95,hibrido,19 %,$1131.23
NORESTE,DIV MONTERREY,4210,150 SAN NICOLAS DE LOS GARZA,RT014,200001437,Super San José 46,hibrido,47 %,$1133.3
NORESTE,DIV MONTERREY,4210,150 SAN NICOLAS DE LOS GARZA,RT006,200001839,Minisuper La Perla 99,hibrido,60 %,$1138.53
NORESTE,DIV MONTERREY,4210,150 SAN NICOLAS DE LOS GARZA,RT021,200001407,Abarrotes Buena Vista 48,fully,100 %,$1151.64
NORESTE,DIV MONTERREY,4210,150 SAN NICOLAS DE LOS GARZA,RT018,200001462,Bodega La Esperanza 86,hibrido,28 %,$1159.66
NORESTE,DIV MONTERREY,4210,150 SAN NICOLAS DE LOS GARZA,RT017,200001894,Minisuper Las Flores 76,fully,89 %,$1159.67
NORESTE,DIV MONTERREY,4210,150 SAN NICOLAS DE LOS GARZA,RT006,200001604,Super La Unión 56,fully,93 %,$1163.75
NORESTE,DIV MONTERREY,4210,150 SAN NICOLAS DE LOS GARZA,RT008,200001155,Comercial El Progreso 74,hibrido,54 %,$1178.61
NORESTE,DIV MONTERREY,4210,150 SAN NICOLAS DE LOS GARZA,RT019,200000526,Bodega Del Norte 94,hibrido,5 %,$1179.9
NORESTE,DIV MONTERREY,4210,150 SAN NICOLAS DE LOS GARZA,RT017,200001399,Mini Market El Trebol 16,fully,71 %,$1184.53
NORESTE,DIV MONTERREY,4210,150 SAN NICOLAS DE LOS GARZA,RT006,200001704,Mercadito El Progreso 26,hibrido,32 %,$1194.94
NORESTE,DIV MONTERREY,4210,150 SAN NICOLAS DE LOS GARZA,RT004,200001262,Frutería El Progreso 99,hibrido,24 %,$1197.44
NORESTE,DIV MONTERREY,4210,150 SAN NICOLAS DE LOS GARZA,RT012,200001328,Depósito San José 18,fully,73 %,$1199.97
NORESTE,DIV MONTERREY,4210,150 SAN NICOLAS DE LOS GARZA,RT016,200000629,Comercial La Esperanza 38,fully,73 %,$1201.77
NORESTE,DIV MONTERREY,4210,150 SAN NICOLAS DE LOS GARZA,RT008,200001076,Minisuper Los Pinos 26,hibrido,63 %,$1207.38
NORESTE,DIV MONTERREY,4210,150 SAN NICOLAS DE LOS GARZA,RT006,200001644,Mercadito Del Norte 62,hibrido,33 %,$1208.62
NORESTE,DIV MONTERREY,4210,150 SAN NICOLAS DE LOS GARZA,RT001,200001952,Mercadito La Victoria 65,hibrido,3 %,$1213.58
NORESTE,DIV MONTERREY,4210,150 SAN NICOLAS DE LOS GARZA,RT021,200000916,Comercial Los Alamos 3,hibrido,25 %,$1233.97
NORESTE,DIV MONTERREY,4210,150 SAN NICOLAS DE LOS GARZA,RT018,200000233,Bodega El Sol 63,fully,100 %,$1234.25
NORESTE,DIV MONTERREY,4210,150 SAN NICOLAS DE LOS GARZA,RT004,200001909,Minisuper Buena Vista 42,hibrido,69 %,$1241.98
NORESTE,DIV MONTERREY,4210,150 SAN NICOLAS DE LOS GARZA,RT014,200000700,Comercial San José 53,hibrido,16 %,$1244.77
NORESTE,DIV MONTERREY,4210,150 SAN NICOLAS DE LOS GARZA,RT014,200000950,Depósito El Encanto 98,hibrido,30 %,$1259.88
NORESTE,DIV MONTERREY,4210,150 SAN NICOLAS DE LOS GARZA,RT008,200001999,Super El Encanto 47,hibrido,65 %,$1271.09
NORESTE,DIV MONTERREY,4210,150 SAN NICOLAS DE LOS GARZA,RT017,200001428,Mercadito La Victoria 13,hibrido,53 %,$1271.92
NORESTE,DIV MONTERREY,4210,150 SAN NICOLAS DE LOS GARZA,RT021,200000060,Bodega Buena Vista 56,hibrido,54 %,$1292.69
NORESTE,DIV MONTERREY,4210,150 SAN NICOLAS DE LOS GARZA,RT003,200001288,Depósito El Mirador 4,hibrido,38 %,$1302.48
NORESTE,DIV MONTERREY,4210,150 SAN NICOLAS DE LOS GARZA,RT011,200001753,Bodega Los Alamos 34,fully,78 %,$1309.62
NORESTE,DIV MONTERREY,4210,150 SAN NICOLAS DE LOS GARZA,RT006,200002004,Abarrotes El Roble 79,fully,100 %,$1325.9
NORESTE,DIV MONTERREY,4210,150 SAN NICOLAS DE LOS GARZA,RT019,200000468,Depósito Del Valle 62,fully,88 %,$1342.85
NORESTE,DIV MONTERREY,4210,150 SAN NICOLAS DE LOS GARZA,RT004,200001059,Depósito El Roble 19,hibrido,61 %,$1352.44
NORESTE,DIV MONTERREY,4210,150 SAN NICOLAS DE LOS GARZA,RT006,200001388,Depósito La Esperanza 20,fully,100 %,$1353.03
NORESTE,DIV MONTERREY,4210,150 SAN NICOLAS DE LOS GARZA,RT017,200001893,Depósito Santa Fe 3,fully,100 %,$1360.93
NORESTE,DIV MONTERREY,4210,150 SAN NICOLAS DE LOS GARZA,RT018,200000825,Comercial La Victoria 55,hibrido,26 %,$1361.12
NORESTE,DIV MONTERREY,4210,150 SAN NICOLAS DE LOS GARZA,RT012,200001929,Mercadito La Fortuna 30,fully,100 %,$1381.05
NORESTE,DIV MONTERREY,4210,150 SAN NICOLAS DE LOS GARZA,RT011,200000581,Mini Market El Encanto 48,hibrido,30 %,$1388.27
NORESTE,DIV MONTERREY,4210,150 SAN NICOLAS DE LOS GARZA,RT012,200000206,Mercadito San José 6,hibrido,32 %,$1402.8
NORESTE,DIV MONTERREY,4210,150 SAN NICOLAS DE LOS GARZA,RT008,200000864,Tienda La Perla 2,hibrido,17 %,$1403.25
NORESTE,DIV MONTERREY,4210,150 SAN NICOLAS DE LOS GARZA,RT012,200001939,Abarrotes El Encanto 14,fully,100 %,$1403.71
NORESTE,DIV MONTERREY,4210,150 SAN NICOLAS DE LOS GARZA,RT003,200000876,Mercadito El Progreso 99,hibrido,59 %,$1403.81
NORESTE,DIV MONTERREY,4210,150 SAN NICOLAS DE LOS GARZA,RT009,200000333,Super El Encanto 66,hibrido,14 %,$1406.7
NORESTE,DIV MONTERREY,4210,150 SAN NICOLAS DE LOS GARZA,RT019,200000301,Abarrotes El Sol 77,hibrido,40 %,$1408.06
NORESTE,DIV MONTERREY,4210,150 SAN NICOLAS DE LOS GARZA,RT021,200000799,Tienda Del Norte 59,fully,72 %,$1417.95
NORESTE,DIV MONTERREY,4210,150 SAN NICOLAS DE LOS GARZA,RT010,200000448,Mercadito San José 17,hibrido,18 %,$1419.25
NORESTE,DIV MONTERREY,4210,150 SAN NICOLAS DE LOS GARZA,RT020,200000347,Tienda San José 7,hibrido,48 %,$1425.16
NORESTE,DIV MONTERREY,4210,150 SAN NICOLAS DE LOS GARZA,RT021,200000398,Bodega Buena Vista 6,hibrido,58 %,$1425.25
NORESTE,DIV MONTERREY,4210,150 SAN NICOLAS DE LOS GARZA,RT008,200001095,Bodega La Fortuna 61,hibrido,52 %,$1426.18
NORESTE,DIV MONTERREY,4210,150 SAN NICOLAS DE LOS GARZA,RT002,200001431,Comercial Del Valle 90,hibrido,58 %,$1428.68
NORESTE,DIV MONTERREY,4210,150 SAN NICOLAS DE LOS GARZA,RT003,200000016,Abarrotes El Roble 42,hibrido,35 %,$1429.2
NORESTE,DIV MONTERREY,4210,150 SAN NICOLAS DE LOS GARZA,RT003,200000244,Minisuper La Fortuna 23,hibrido,17 %,$1442.32
NORESTE,DIV MONTERREY,4210,150 SAN NICOLAS DE LOS GARZA,RT018,200000497,Frutería Del Valle 71,hibrido,42 %,$1442.48
NORESTE,DIV MONTERREY,4210,150 SAN NICOLAS DE LOS GARZA,RT014,200000657,Frutería Las Flores 71,hibrido,26 %,$1443.96
NORESTE,DIV MONTERREY,4210,150 SAN NICOLAS DE LOS GARZA,RT018,200000380,Comercial El Encanto 12,hibrido,58 %,$1448.96
NORESTE,DIV MONTERREY,4210,150 SAN NICOLAS DE LOS GARZA,RT016,200000748,Tienda El Mirador 92,fully,74 %,$1455.14
NORESTE,DIV MONTERREY,4210,150 SAN NICOLAS DE LOS GARZA,RT006,200001879,Bodega Las Flores 6,fully,100 %,$1477.58
NORESTE,DIV MONTERREY,4210,150 SAN NICOLAS DE LOS GARZA,RT019,200001400,Abarrotes La Fortuna 33,fully,72 %,$1482.49
NORESTE,DIV MONTERREY,4210,150 SAN NICOLAS DE LOS GARZA,RT003,200001572,Comercial San José 33,hibrido,28 %,$1487.4
NORESTE,DIV MONTERREY,4210,150 SAN NICOLAS DE LOS GARZA,RT016,200001824,Bodega El Progreso 70,hibrido,47 %,$1502.18
NORESTE,DIV MONTERREY,4210,150 SAN NICOLAS DE LOS GARZA,RT015,200001130,Comercial El Roble 65,fully,81 %,$1503.48
NORESTE,DIV MONTERREY,4210,150 SAN NICOLAS DE LOS GARZA,RT007,200001682,Minisuper El Mirador 49,fully,100 %,$1511.5
NORESTE,DIV MONTERREY,4210,150 SAN NICOLAS DE LOS GARZA,RT017,200000487,Depósito San José 79,hibrido,60 %,$1512.04
NORESTE,DIV MONTERREY,4210,150 SAN NICOLAS DE LOS GARZA,RT002,200000694,Comercial La Unión 5,hibrido,52 %,$1512.17
NORESTE,DIV MONTERREY,4210,150 SAN NICOLAS DE LOS GARZA,RT018,200001110,Mercadito San José 17,hibrido,30 %,$1517.44
NORESTE,DIV MONTERREY,4210,150 SAN NICOLAS DE LOS GARZA,RT015,200001425,Bodega El Mirador 52,hibrido,54 %,$1525.36
NORESTE,DIV MONTERREY,4210,150 SAN NICOLAS DE LOS GARZA,RT012,200000372,Mini Market El Sol 8,fully,100 %,$1525.73
NORESTE,DIV MONTERREY,4210,150 SAN NICOLAS DE LOS GARZA,RT016,200000628,Mercadito Las Flores 26,fully,73 %,$1536.21
NORESTE,DIV MONTERREY,4210,150 SAN NICOLAS DE LOS GARZA,RT018,200001096,Mercadito La Unión 81,fully,80 %,$1536.4
NORESTE,DIV MONTERREY,4210,150 SAN NICOLAS DE LOS GARZA,RT015,200001427,Super San José 13,hibrido,51 %,$1539.02
NORESTE,DIV MONTERREY,4210,150 SAN NICOLAS DE LOS GARZA,RT015,200001632,Abarrotes La Esperanza 65,fully,100 %,$1540.95
NORESTE,DIV MONTERREY,4210,150 SAN NICOLAS DE LOS GARZA,RT015,200001320,Frutería La Victoria 21,hibrido,53 %,$1541.7
NORESTE,DIV MONTERREY,4210,150 SAN NICOLAS DE LOS GARZA,RT004,200000155,Depósito El Roble 38,hibrido,58 %,$1547.51
NORESTE,DIV MONTERREY,4210,150 SAN NICOLAS DE LOS GARZA,RT009,200001444,Tienda Los Alamos 74,fully,100 %,$1549.12
NORESTE,DIV MONTERREY,4210,150 SAN NICOLAS DE LOS GARZA,RT006,200001303,Mini Market El Sol 68,hibrido,34 %,$1570.64
NORESTE,DIV MONTERREY,4210,150 SAN NICOLAS DE LOS GARZA,RT017,200001538,Mini Market El Progreso 73,fully,100 %,$1574.92
NORESTE,DIV MONTERREY,4210,150 SAN NICOLAS DE LOS GARZA,RT017,200000219,Minisuper El Encanto 52,fully,100 %,$1602.87
NORESTE,DIV MONTERREY,4210,150 SAN NICOLAS DE LOS GARZA,RT017,200001274,Super El Roble 94,fully,100 %,$1612.41
NORESTE,DIV MONTERREY,4210,150 SAN NICOLAS DE LOS GARZA,RT014,200000663,Tienda El Mirador 50,hibrido,24 %,$1613.19
NORESTE,DIV MONTERREY,4210,150 SAN NICOLAS DE LOS GARZA,RT014,200000609,Mercadito Santa Fe 69,hibrido,23 %,$1613.74
NORESTE,DIV MONTERREY,4210,150 SAN NICOLAS DE LOS GARZA,RT002,200000725,Bodega El Trebol 25,hibrido,48 %,$1613.97
NORESTE,DIV MONTERREY,4210,150 SAN NICOLAS DE LOS GARZA,RT020,200000040,Depósito San José 96,hibrido,36 %,$1620.98
NORESTE,DIV MONTERREY,4210,150 SAN NICOLAS DE LOS GARZA,RT018,200001370,Frutería El Mirador 16,hibrido,47 %,$1630.38
NORESTE,DIV MONTERREY,4210,150 SAN NICOLAS DE LOS GARZA,RT003,200000822,Frutería El Encanto 63,hibrido,68 %,$1637.32
NORESTE,DIV MONTERREY,4210,150 SAN NICOLAS DE LOS GARZA,RT003,200000102,Bodega El Mirador 16,hibrido,44 %,$1639.8
NORESTE,DIV MONTERREY,4210,150 SAN NICOLAS DE LOS GARZA,RT016,200000604,Tienda Santa Fe 1,fully,90 %,$1643.29
NORESTE,DIV MONTERREY,4210,150 SAN NICOLAS DE LOS GARZA,RT011,200001073,Frutería Santa Fe 42,fully,100 %,$1643.34
NORESTE,DIV MONTERREY,4210,150 SAN NICOLAS DE LOS GARZA,RT007,200000703,Super Del Valle 24,fully,100 %,$1660.46
NORESTE,DIV MONTERREY,4210,150 SAN NICOLAS DE LOS GARZA,RT018,200000351,Comercial La Fortuna 68,fully,100 %,$1689.59
NORESTE,DIV MONTERREY,4210,150 SAN NICOLAS DE LOS GARZA,RT016,200001640,Minisuper La Fortuna 30,fully,76 %,$1695.85
NORESTE,DIV MONTERREY,4210,150 SAN NICOLAS DE LOS GARZA,RT012,200001214,Frutería El Roble 29,hibrido,28 %,$1696.92
NORESTE,DIV MONTERREY,4210,150 SAN NICOLAS DE LOS GARZA,RT017,200000228,Minisuper El Mirador 86,fully,100 %,$1697.93
NORESTE,DIV MONTERREY,4210,150 SAN NICOLAS DE LOS GARZA,RT019,200000781,Bodega La Perla 81,fully,78 %,$1711.09
NORESTE,DIV MONTERREY,4210,150 SAN NICOLAS DE LOS GARZA,RT008,200000009,Frutería El Sol 41,hibrido,47 %,$1711.67
NORESTE,DIV MONTERREY,4210,150 SAN NICOLAS DE LOS GARZA,RT007,200000287,Super Santa Cruz 98,fully,82 %,$1712.42
NORESTE,DIV MONTERREY,4210,150 SAN NICOLAS DE LOS GARZA,RT018,200000887,Comercial La Fortuna 90,hibrido,63 %,$1715.26
NORESTE,DIV MONTERREY,4210,150 SAN NICOLAS DE LOS GARZA,RT008,200001967,Mini Market Santa Cruz 17,hibrido,52 %,$1743.05
NORESTE,DIV MONTERREY,4210,150 SAN NICOLAS DE LOS GARZA,RT006,200001920,Bodega El Encanto 5,fully,100 %,$1746.84
NORESTE,DIV MONTERREY,4210,150 SAN NICOLAS DE LOS GARZA,RT007,200000810,Mercadito Santa Cruz 16,hibrido,69 %,$1754.01
NORESTE,DIV MONTERREY,4210,150 SAN NICOLAS DE LOS GARZA,RT012,200001964,Depósito Los Pinos 57,hibrido,28 %,$1760.94
NORESTE,DIV MONTERREY,4210,150 SAN NICOLAS DE LOS GARZA,RT008,200001975,Comercial La Fortuna 52,fully,82 %,$1761.62
NORESTE,DIV MONTERREY,4210,150 SAN NICOLAS DE LOS GARZA,RT016,200002022,Frutería La Victoria 74,hibrido,49 %,$1763.33
NORESTE,DIV MONTERREY,4210,150 SAN NICOLAS DE LOS GARZA,RT018,200001139,Mercadito Del Valle 93,hibrido,61 %,$1773.45
NORESTE,DIV MONTERREY,4210,150 SAN NICOLAS DE LOS GARZA,RT016,200000631,Abarrotes El Roble 61,hibrido,46 %,$1776.95
NORESTE,DIV MONTERREY,4210,150 SAN NICOLAS DE LOS GARZA,RT002,200000552,Abarrotes La Fortuna 27,fully,100 %,$1808.41
NORESTE,DIV MONTERREY,4210,150 SAN NICOLAS DE LOS GARZA,RT002,200001615,Mini Market El Mirador 42,hibrido,31 %,$1808.54
NORESTE,DIV MONTERREY,4210,150 SAN NICOLAS DE LOS GARZA,RT008,200001232,Bodega San José 27,hibrido,39 %,$1808.58
NORESTE,DIV MONTERREY,4210,150 SAN NICOLAS DE LOS GARZA,RT019,200001354,Comercial Buena Vista 13,hibrido,62 %,$1812.49
NORESTE,DIV MONTERREY,4210,150 SAN NICOLAS DE LOS GARZA,RT017,200001235,Mini Market Los Alamos 93,fully,100 %,$1813.74
NORESTE,DIV MONTERREY,4210,150 SAN NICOLAS DE LOS GARZA,RT003,200001876,Abarrotes El Trebol 55,hibrido,46 %,$1816.39
NORESTE,DIV MONTERREY,4210,150 SAN NICOLAS DE LOS GARZA,RT012,200001947,Comercial El Sol 25,hibrido,41 %,$1821.5
NORESTE,DIV MONTERREY,4210,150 SAN NICOLAS DE LOS GARZA,RT003,200000488,Minisuper Las Flores 21,fully,78 %,$1837.65
NORESTE,DIV MONTERREY,4210,150 SAN NICOLAS DE LOS GARZA,RT017,200001131,Depósito San José 69,fully,100 %,$1848.32
NORESTE,DIV MONTERREY,4210,150 SAN NICOLAS DE LOS GARZA,RT005,200000156,Abarrotes La Perla 25,hibrido,23 %,$1859.15
NORESTE,DIV MONTERREY,4210,150 SAN NICOLAS DE LOS GARZA,RT017,200000051,Bodega El Mirador 39,fully,100 %,$1865.94
NORESTE,DIV MONTERREY,4210,150 SAN NICOLAS DE LOS GARZA,RT017,200000234,Tienda La Fortuna 62,hibrido,58 %,$1875.41
NORESTE,DIV MONTERREY,4210,150 SAN NICOLAS DE LOS GARZA,RT017,200000469,Mercadito El Roble 48,fully,92 %,$1886.49
NORESTE,DIV MONTERREY,4210,150 SAN NICOLAS DE LOS GARZA,RT009,200001480,Bodega El Trebol 83,hibrido,36 %,$1894.4
NORESTE,DIV MONTERREY,4210,150 SAN NICOLAS DE LOS GARZA,RT005,200000456,Abarrotes Del Valle 71,hibrido,8 %,$1897.29
NORESTE,DIV MONTERREY,4210,150 SAN NICOLAS DE LOS GARZA,RT013,200001843,Comercial Los Pinos 85,fully,100 %,$1901.9
NORESTE,DIV MONTERREY,4210,150 SAN NICOLAS DE LOS GARZA,RT012,200001774,Comercial El Trebol 96,hibrido,27 %,$1909.19
NORESTE,DIV MONTERREY,4210,150 SAN NICOLAS DE LOS GARZA,RT022,200000608,Depósito El Sol 71,hibrido,17 %,$1909.27
NORESTE,DIV MONTERREY,4210,150 SAN NICOLAS DE LOS GARZA,RT004,200001569,Comercial El Trebol 7,hibrido,48 %,$1928.21
NORESTE,DIV MONTERREY,4210,150 SAN NICOLAS DE LOS GARZA,RT018,200000834,Depósito El Trebol 31,hibrido,62 %,$1947.09
NORESTE,DIV MONTERREY,4210,150 SAN NICOLAS DE LOS GARZA,RT004,200000470,Minisuper Santa Fe 87,fully,100 %,$1956.36
NORESTE,DIV MONTERREY,4210,150 SAN NICOLAS DE LOS GARZA,RT017,200000533,Comercial Los Pinos 6,fully,100 %,$1972.91
NORESTE,DIV MONTERREY,4210,150 SAN NICOLAS DE LOS GARZA,RT010,200001080,Super Santa Fe 50,hibrido,51 %,$1977.13
NORESTE,DIV MONTERREY,4210,150 SAN NICOLAS DE LOS GARZA,RT016,200000653,Super Buena Vista 79,hibrido,35 %,$1978.71
NORESTE,DIV MONTERREY,4210,150 SAN NICOLAS DE LOS GARZA,RT006,200000548,Mercadito El Encanto 40,fully,85 %,$1984.08
NORESTE,DIV MONTERREY,4210,150 SAN NICOLAS DE LOS GARZA,RT006,200002041,Tienda El Sol 48,hibrido,66 %,$1984.2
NORESTE,DIV MONTERREY,4210,150 SAN NICOLAS DE LOS GARZA,RT022,200000646,Comercial San José 80,hibrido,34 %,$2001.75
NORESTE,DIV MONTERREY,4210,150 SAN NICOLAS DE LOS GARZA,RT007,200000079,Frutería La Perla 4,hibrido,21 %,$2007.35
NORESTE,DIV MONTERREY,4210,150 SAN NICOLAS DE LOS GARZA,RT003,200001315,Bodega Del Valle 92,hibrido,16 %,$2009.33
NORESTE,DIV MONTERREY,4210,150 SAN NICOLAS DE LOS GARZA,RT017,200000389,Super Del Valle 52,fully,100 %,$2019.95
NORESTE,DIV MONTERREY,4210,150 SAN NICOLAS DE LOS GARZA,RT017,200001921,Tienda El Encanto 33,fully,80 %,$2020.07
NORESTE,DIV MONTERREY,4210,150 SAN NICOLAS DE LOS GARZA,RT017,200001574,Super Las Flores 13,hibrido,5 %,$2021.14
NORESTE,DIV MONTERREY,4210,150 SAN NICOLAS DE LOS GARZA,RT015,200001129,Mini Market Los Alamos 79,hibrido,62 %,$2031.98
NORESTE,DIV MONTERREY,4210,150 SAN NICOLAS DE LOS GARZA,RT017,200000203,Super Del Norte 71,fully,100 %,$2044
NORESTE,DIV MONTERREY,4210,150 SAN NICOLAS DE LOS GARZA,RT015,200001309,Tienda San José 21,hibrido,32 %,$2058.37
NORESTE,DIV MONTERREY,4210,150 SAN NICOLAS DE LOS GARZA,RT017,200001694,Comercial San José 56,fully,100 %,$2089.16
NORESTE,DIV MONTERREY,4210,150 SAN NICOLAS DE LOS GARZA,RT018,200001337,Frutería San José 27,hibrido,44 %,$2091.43
NORESTE,DIV MONTERREY,4210,150 SAN NICOLAS DE LOS GARZA,RT017,200001237,Bodega El Progreso 81,fully,94 %,$2105.64
NORESTE,DIV MONTERREY,4210,150 SAN NICOLAS DE LOS GARZA,RT016,200002045,Minisuper El Sol 63,fully,87 %,$2106.16
NORESTE,DIV MONTERREY,4210,150 SAN NICOLAS DE LOS GARZA,RT014,200002015,Frutería El Encanto 73,hibrido,60 %,$2108.08
NORESTE,DIV MONTERREY,4210,150 SAN NICOLAS DE LOS GARZA,RT018,200001547,Frutería El Progreso 85,fully,100 %,$2110.89
NORESTE,DIV MONTERREY,4210,150 SAN NICOLAS DE LOS GARZA,RT007,200001907,Tienda Del Norte 16,fully,100 %,$2119.26
NORESTE,DIV MONTERREY,4210,150 SAN NICOLAS DE LOS GARZA,RT018,200001356,Comercial El Progreso 79,fully,100 %,$2123.54
NORESTE,DIV MONTERREY,4210,150 SAN NICOLAS DE LOS GARZA,RT018,200001419,Minisuper Los Pinos 8,hibrido,69 %,$2128.23
NORESTE,DIV MONTERREY,4210,150 SAN NICOLAS DE LOS GARZA,RT004,200000979,Bodega El Sol 36,hibrido,25 %,$2136.54
NORESTE,DIV MONTERREY,4210,150 SAN NICOLAS DE LOS GARZA,RT002,200000112,Depósito San José 27,hibrido,51 %,$2151.3
NORESTE,DIV MONTERREY,4210,150 SAN NICOLAS DE LOS GARZA,RT003,200000250,Tienda Las Flores 59,hibrido,17 %,$2153.35
NORESTE,DIV MONTERREY,4210,150 SAN NICOLAS DE LOS GARZA,RT004,200000158,Tienda El Mirador 35,hibrido,12 %,$2153.94
NORESTE,DIV MONTERREY,4210,150 SAN NICOLAS DE LOS GARZA,RT022,200000915,Tienda La Victoria 5,hibrido,24 %,$2154.81
NORESTE,DIV MONTERREY,4210,150 SAN NICOLAS DE LOS GARZA,RT003,200001922,Mini Market San José 31,hibrido,53 %,$2158.42
NORESTE,DIV MONTERREY,4210,150 SAN NICOLAS DE LOS GARZA,RT003,200000078,Mini Market La Unión 68,hibrido,18 %,$2178.68
NORESTE,DIV MONTERREY,4210,150 SAN NICOLAS DE LOS GARZA,RT005,200000163,Mini Market La Victoria 75,hibrido,26 %,$2186.62
NORESTE,DIV MONTERREY,4210,150 SAN NICOLAS DE LOS GARZA,RT012,200000559,Mercadito El Encanto 23,hibrido,29 %,$2190.51
NORESTE,DIV MONTERREY,4210,150 SAN NICOLAS DE LOS GARZA,RT006,200001954,Tienda La Unión 52,fully,100 %,$2205.88
NORESTE,DIV MONTERREY,4210,150 SAN NICOLAS DE LOS GARZA,RT017,200000523,Mini Market La Victoria 98,fully,100 %,$2243.94
NORESTE,DIV MONTERREY,4210,150 SAN NICOLAS DE LOS GARZA,RT021,200000713,Super El Mirador 73,fully,80 %,$2272.71
NORESTE,DIV MONTERREY,4210,150 SAN NICOLAS DE LOS GARZA,RT018,200001114,Comercial Los Alamos 59,hibrido,29 %,$2282.25
NORESTE,DIV MONTERREY,4210,150 SAN NICOLAS DE LOS GARZA,RT010,200000164,Comercial Las Flores 8,fully,72 %,$2302.36
NORESTE,DIV MONTERREY,4210,150 SAN NICOLAS DE LOS GARZA,RT014,200001522,Frutería Santa Cruz 51,hibrido,35 %,$2356.34
NORESTE,DIV MONTERREY,4210,150 SAN NICOLAS DE LOS GARZA,RT014,200000731,Super El Mirador 99,hibrido,47 %,$2357.1
NORESTE,DIV MONTERREY,4210,150 SAN NICOLAS DE LOS GARZA,RT018,200001376,Frutería La Esperanza 82,fully,100 %,$2369.81
NORESTE,DIV MONTERREY,4210,150 SAN NICOLAS DE LOS GARZA,RT021,200001332,Mini Market Santa Cruz 96,fully,100 %,$2374.35
NORESTE,DIV MONTERREY,4210,150 SAN NICOLAS DE LOS GARZA,RT006,200001254,Abarrotes San José 55,hibrido,32 %,$2382.25
NORESTE,DIV MONTERREY,4210,150 SAN NICOLAS DE LOS GARZA,RT016,200001042,Comercial Las Flores 33,fully,100 %,$2412.66
NORESTE,DIV MONTERREY,4210,150 SAN NICOLAS DE LOS GARZA,RT004,200001669,Mercadito Las Flores 27,fully,100 %,$2414.53
NORESTE,DIV MONTERREY,4210,150 SAN NICOLAS DE LOS GARZA,RT002,200001653,Frutería Del Norte 72,fully,91 %,$2421.4
NORESTE,DIV MONTERREY,4210,150 SAN NICOLAS DE LOS GARZA,RT017,200000465,Bodega La Esperanza 42,fully,100 %,$2431.75
NORESTE,DIV MONTERREY,4210,150 SAN NICOLAS DE LOS GARZA,RT012,200001826,Bodega San José 97,fully,74 %,$2460.99
NORESTE,DIV MONTERREY,4210,150 SAN NICOLAS DE LOS GARZA,RT017,200001591,Tienda Los Pinos 36,fully,100 %,$2466.02
NORESTE,DIV MONTERREY,4210,150 SAN NICOLAS DE LOS GARZA,RT018,200001994,Bodega San José 81,hibrido,54 %,$2479.7
NORESTE,DIV MONTERREY,4210,150 SAN NICOLAS DE LOS GARZA,RT016,200001100,Frutería Del Valle 83,hibrido,35 %,$2480.46
NORESTE,DIV MONTERREY,4210,150 SAN NICOLAS DE LOS GARZA,RT017,200000938,Mini Market Santa Fe 15,hibrido,37 %,$2482.26
NORESTE,DIV MONTERREY,4210,150 SAN NICOLAS DE LOS GARZA,RT021,200001409,Minisuper Buena Vista 15,hibrido,54 %,$2483.53
NORESTE,DIV MONTERREY,4210,150 SAN NICOLAS DE LOS GARZA,RT012,200001854,Mini Market La Perla 8,hibrido,50 %,$2494.99
NORESTE,DIV MONTERREY,4210,150 SAN NICOLAS DE LOS GARZA,RT019,200000773,Mini Market Del Norte 46,hibrido,60 %,$2500.52
NORESTE,DIV MONTERREY,4210,150 SAN NICOLAS DE LOS GARZA,RT012,200001781,Super El Roble 64,hibrido,28 %,$2501.69
NORESTE,DIV MONTERREY,4210,150 SAN NICOLAS DE LOS GARZA,RT002,200001998,Minisuper Del Norte 78,fully,100 %,$2525.02
NORESTE,DIV MONTERREY,4210,150 SAN NICOLAS DE LOS GARZA,RT015,200000270,Tienda San José 71,fully,90 %,$2532.86
NORESTE,DIV MONTERREY,4210,150 SAN NICOLAS DE LOS GARZA,RT016,200000593,Depósito El Roble 29,fully,83 %,$2536.95
NORESTE,DIV MONTERREY,4210,150 SAN NICOLAS DE LOS GARZA,RT010,200000134,Comercial La Perla 18,hibrido,60 %,$2542
NORESTE,DIV MONTERREY,4210,150 SAN NICOLAS DE LOS GARZA,RT017,200002037,Super El Encanto 60,fully,100 %,$2560.28
NORESTE,DIV MONTERREY,4210,150 SAN NICOLAS DE LOS GARZA,RT018,200001414,Minisuper Santa Cruz 73,fully,100 %,$2583.29
NORESTE,DIV MONTERREY,4210,150 SAN NICOLAS DE LOS GARZA,RT015,200000861,Minisuper La Perla 19,fully,100 %,$2591.81
NORESTE,DIV MONTERREY,4210,150 SAN NICOLAS DE LOS GARZA,RT015,200000556,Minisuper La Unión 86,fully,100 %,$2594.79
NORESTE,DIV MONTERREY,4210,150 SAN NICOLAS DE LOS GARZA,RT020,200000069,Comercial La Unión 13,hibrido,20 %,$2611.19
NORESTE,DIV MONTERREY,4210,150 SAN NICOLAS DE LOS GARZA,RT017,200001592,Mini Market El Encanto 98,fully,100 %,$2612.65
NORESTE,DIV MONTERREY,4210,150 SAN NICOLAS DE LOS GARZA,RT011,200000257,Frutería El Progreso 95,hibrido,48 %,$2614.87
NORESTE,DIV MONTERREY,4210,150 SAN NICOLAS DE LOS GARZA,RT006,200001705,Bodega El Sol 84,fully,100 %,$2629.67
NORESTE,DIV MONTERREY,4210,150 SAN NICOLAS DE LOS GARZA,RT018,200000835,Comercial Santa Cruz 84,hibrido,30 %,$2639.22
NORESTE,DIV MONTERREY,4210,150 SAN NICOLAS DE LOS GARZA,RT012,200001594,Depósito Santa Fe 19,hibrido,24 %,$2644.63
NORESTE,DIV MONTERREY,4210,150 SAN NICOLAS DE LOS GARZA,RT012,200000121,Minisuper Del Norte 95,hibrido,55 %,$2669.64
NORESTE,DIV MONTERREY,4210,150 SAN NICOLAS DE LOS GARZA,RT006,200000944,Mini Market Del Norte 93,fully,73 %,$2683.71
NORESTE,DIV MONTERREY,4210,150 SAN NICOLAS DE LOS GARZA,RT003,200000354,Mercadito El Trebol 48,hibrido,63 %,$2684.44
NORESTE,DIV MONTERREY,4210,150 SAN NICOLAS DE LOS GARZA,RT016,200000624,Depósito La Fortuna 49,hibrido,32 %,$2696.79
NORESTE,DIV MONTERREY,4210,150 SAN NICOLAS DE LOS GARZA,RT010,200000390,Comercial La Perla 85,hibrido,39 %,$2707.43
NORESTE,DIV MONTERREY,4210,150 SAN NICOLAS DE LOS GARZA,RT014,200000633,Comercial Las Flores 36,hibrido,56 %,$2732.67
NORESTE,DIV MONTERREY,4210,150 SAN NICOLAS DE LOS GARZA,RT006,200000632,Mini Market La Fortuna 5,hibrido,63 %,$2736.06
NORESTE,DIV MONTERREY,4210,150 SAN NICOLAS DE LOS GARZA,RT016,200001526,Mercadito Del Valle 36,hibrido,62 %,$2772.65
NORESTE,DIV MONTERREY,4210,150 SAN NICOLAS DE LOS GARZA,RT016,200000373,Mercadito La Fortuna 59,hibrido,68 %,$2780.11
NORESTE,DIV MONTERREY,4210,150 SAN NICOLAS DE LOS GARZA,RT007,200002026,Comercial El Trebol 92,hibrido,63 %,$2800.53
NORESTE,DIV MONTERREY,4210,150 SAN NICOLAS DE LOS GARZA,RT002,200001404,Mini Market El Sol 17,hibrido,67 %,$2806.23
NORESTE,DIV MONTERREY,4210,150 SAN NICOLAS DE LOS GARZA,RT001,200000674,Mini Market El Encanto 45,hibrido,15 %,$2828.81
NORESTE,DIV MONTERREY,4210,150 SAN NICOLAS DE LOS GARZA,RT015,200000706,Super La Unión 83,fully,100 %,$2832.83
NORESTE,DIV MONTERREY,4210,150 SAN NICOLAS DE LOS GARZA,RT018,200000094,Frutería La Esperanza 74,fully,100 %,$2855.16
NORESTE,DIV MONTERREY,4210,150 SAN NICOLAS DE LOS GARZA,RT018,200000479,Comercial El Sol 41,hibrido,69 %,$2858.7
NORESTE,DIV MONTERREY,4210,150 SAN NICOLAS DE LOS GARZA,RT017,200000579,Depósito Santa Cruz 37,fully,100 %,$2863
NORESTE,DIV MONTERREY,4210,150 SAN NICOLAS DE LOS GARZA,RT021,200001213,Bodega El Encanto 18,fully,82 %,$2863.77
NORESTE,DIV MONTERREY,4210,150 SAN NICOLAS DE LOS GARZA,RT018,200001365,Mercadito Santa Cruz 19,fully,84 %,$2864.71
NORESTE,DIV MONTERREY,4210,150 SAN NICOLAS DE LOS GARZA,RT021,200001438,Super El Roble 61,hibrido,34 %,$2879.11
NORESTE,DIV MONTERREY,4210,150 SAN NICOLAS DE LOS GARZA,RT009,200001555,Minisuper El Mirador 31,hibrido,60 %,$2887.97
NORESTE,DIV MONTERREY,4210,150 SAN NICOLAS DE LOS GARZA,RT012,200001925,Super La Esperanza 65,fully,100 %,$2905.55
NORESTE,DIV MONTERREY,4210,150 SAN NICOLAS DE LOS GARZA,RT011,200000427,Minisuper El Mirador 65,hibrido,33 %,$2917.36
NORESTE,DIV MONTERREY,4210,150 SAN NICOLAS DE LOS GARZA,RT018,200000463,Bodega Las Flores 71,hibrido,35 %,$2940.55
NORESTE,DIV MONTERREY,4210,150 SAN NICOLAS DE LOS GARZA,RT018,200000867,Bodega Santa Cruz 63,hibrido,21 %,$2941
NORESTE,DIV MONTERREY,4210,150 SAN NICOLAS DE LOS GARZA,RT018,200001366,Tienda El Progreso 62,fully,100 %,$2967.55
NORESTE,DIV MONTERREY,4210,150 SAN NICOLAS DE LOS GARZA,RT002,200000998,Tienda El Trebol 31,fully,80 %,$2967.94
NORESTE,DIV MONTERREY,4210,150 SAN NICOLAS DE LOS GARZA,RT018,200001870,Depósito El Trebol 95,hibrido,19 %,$2979.59
NORESTE,DIV MONTERREY,4210,150 SAN NICOLAS DE LOS GARZA,RT016,200000921,Super La Victoria 7,hibrido,33 %,$3000.58
NORESTE,DIV MONTERREY,4210,150 SAN NICOLAS DE LOS GARZA,RT003,200001702,Minisuper El Sol 29,hibrido,48 %,$3000.89
NORESTE,DIV MONTERREY,4210,150 SAN NICOLAS DE LOS GARZA,RT011,200000087,Abarrotes El Roble 10,fully,74 %,$3014.01
NORESTE,DIV MONTERREY,4210,150 SAN NICOLAS DE LOS GARZA,RT005,200000807,Comercial Santa Cruz 86,hibrido,18 %,$3018.01
NORESTE,DIV MONTERREY,4210,150 SAN NICOLAS DE LOS GARZA,RT017,200001891,Minisuper La Perla 74,fully,100 %,$3020.11
NORESTE,DIV MONTERREY,4210,150 SAN NICOLAS DE LOS GARZA,RT018,200001535,Depósito El Roble 7,hibrido,44 %,$3022.49
NORESTE,DIV MONTERREY,4210,150 SAN NICOLAS DE LOS GARZA,RT012,200001487,Minisuper Del Valle 1,fully,100 %,$3027.81
NORESTE,DIV MONTERREY,4210,150 SAN NICOLAS DE LOS GARZA,RT005,200000417,Depósito El Sol 61,hibrido,33 %,$3028.09
NORESTE,DIV MONTERREY,4210,150 SAN NICOLAS DE LOS GARZA,RT012,200001506,Tienda El Mirador 59,fully,72 %,$3031.1
NORESTE,DIV MONTERREY,4210,150 SAN NICOLAS DE LOS GARZA,RT004,200001450,Super Del Valle 55,hibrido,21 %,$3032.5
NORESTE,DIV MONTERREY,4210,150 SAN NICOLAS DE LOS GARZA,RT004,200000186,Frutería El Encanto 80,hibrido,24 %,$3032.65
NORESTE,DIV MONTERREY,4210,150 SAN NICOLAS DE LOS GARZA,RT017,200000850,Mercadito La Esperanza 52,hibrido,46 %,$3033.32
NORESTE,DIV MONTERREY,4210,150 SAN NICOLAS DE LOS GARZA,RT006,200000198,Minisuper Las Flores 28,fully,81 %,$3043.48
NORESTE,DIV MONTERREY,4210,150 SAN NICOLAS DE LOS GARZA,RT021,200000169,Bodega Del Norte 77,fully,100 %,$3060.75
NORESTE,DIV MONTERREY,4210,150 SAN NICOLAS DE LOS GARZA,RT016,200002047,Bodega Los Pinos 46,fully,79 %,$3061.35
NORESTE,DIV MONTERREY,4210,150 SAN NICOLAS DE LOS GARZA,RT014,200000661,Minisuper El Roble 67,hibrido,46 %,$3068.76
NORESTE,DIV MONTERREY,4210,150 SAN NICOLAS DE LOS GARZA,RT003,200000353,Super Buena Vista 71,fully,100 %,$3087.57
NORESTE,DIV MONTERREY,4210,150 SAN NICOLAS DE LOS GARZA,RT005,200000226,Frutería Del Valle 95,fully,87 %,$3092.88
NORESTE,DIV MONTERREY,4210,150 SAN NICOLAS DE LOS GARZA,RT015,200000314,Abarrotes El Mirador 48,hibrido,33 %,$3105.309999999999
NORESTE,DIV MONTERREY,4210,150 SAN NICOLAS DE LOS GARZA,RT006,200001637,Mercadito Las Flores 94,hibrido,65 %,$3133.93
NORESTE,DIV MONTERREY,4210,150 SAN NICOLAS DE LOS GARZA,RT016,200001608,Tienda La Esperanza 3,hibrido,57 %,$3141.79
NORESTE,DIV MONTERREY,4210,150 SAN NICOLAS DE LOS GARZA,RT015,200001389,Frutería La Perla 14,fully,92 %,$3155.66
NORESTE,DIV MONTERREY,4210,150 SAN NICOLAS DE LOS GARZA,RT016,200001565,Super Santa Cruz 37,fully,98 %,$3157.52
NORESTE,DIV MONTERREY,4210,150 SAN NICOLAS DE LOS GARZA,RT012,200001822,Bodega Las Flores 79,fully,100 %,$3166.95
NORESTE,DIV MONTERREY,4210,150 SAN NICOLAS DE LOS GARZA,RT018,200000328,Minisuper El Trebol 28,fully,100 %,$3171.74
NORESTE,DIV MONTERREY,4210,150 SAN NICOLAS DE LOS GARZA,RT007,200000150,Mini Market Las Flores 3,hibrido,51 %,$3223.61
NORESTE,DIV MONTERREY,4210,150 SAN NICOLAS DE LOS GARZA,RT008,200000010,Frutería Los Alamos 28,fully,100 %,$3224.67
NORESTE,DIV MONTERREY,4210,150 SAN NICOLAS DE LOS GARZA,RT017,200001238,Tienda Santa Cruz 17,hibrido,52 %,$3237.03
NORESTE,DIV MONTERREY,4210,150 SAN NICOLAS DE LOS GARZA,RT004,200001060,Abarrotes El Mirador 30,fully,77 %,$3259.71
NORESTE,DIV MONTERREY,4210,150 SAN NICOLAS DE LOS GARZA,RT017,200000230,Mini Market El Sol 55,fully,82 %,$3266.61
NORESTE,DIV MONTERREY,4210,150 SAN NICOLAS DE LOS GARZA,RT005,200000577,Frutería La Perla 5,fully,74 %,$3295.19
NORESTE,DIV MONTERREY,4210,150 SAN NICOLAS DE LOS GARZA,RT002,200001958,Bodega El Roble 90,fully,74 %,$3313.78
NORESTE,DIV MONTERREY,4210,150 SAN NICOLAS DE LOS GARZA,RT017,200001924,Minisuper El Mirador 49,fully,95 %,$3314.61
NORESTE,DIV MONTERREY,4210,150 SAN NICOLAS DE LOS GARZA,RT004,200000031,Tienda La Unión 3,fully,100 %,$3318.04
NORESTE,DIV MONTERREY,4210,150 SAN NICOLAS DE LOS GARZA,RT010,200000690,Mercadito Del Valle 45,hibrido,31 %,$3320.8
NORESTE,DIV MONTERREY,4210,150 SAN NICOLAS DE LOS GARZA,RT017,200001029,Tienda La Unión 8,fully,100 %,$3323.54
NORESTE,DIV MONTERREY,4210,150 SAN NICOLAS DE LOS GARZA,RT016,200000772,Abarrotes El Progreso 66,fully,74 %,$3327.72
NORESTE,DIV MONTERREY,4210,150 SAN NICOLAS DE LOS GARZA,RT015,200001570,Comercial La Fortuna 70,fully,100 %,$3328.74
NORESTE,DIV MONTERREY,4210,150 SAN NICOLAS DE LOS GARZA,RT006,200000193,Mercadito Del Valle 84,fully,100 %,$3334.57
NORESTE,DIV MONTERREY,4210,150 SAN NICOLAS DE LOS GARZA,RT021,200001927,Super La Unión 38,fully,73 %,$3338.85
NORESTE,DIV MONTERREY,4210,150 SAN NICOLAS DE LOS GARZA,RT005,200000132,Super San José 31,hibrido,26 %,$3384.1
NORESTE,DIV MONTERREY,4210,150 SAN NICOLAS DE LOS GARZA,RT005,200001626,Mercadito Del Valle 97,hibrido,69 %,$3392.23
NORESTE,DIV MONTERREY,4210,150 SAN NICOLAS DE LOS GARZA,RT017,200002035,Comercial Del Norte 5,fully,82 %,$3397.96
NORESTE,DIV MONTERREY,4210,150 SAN NICOLAS DE LOS GARZA,RT017,200002036,Depósito El Roble 72,fully,100 %,$3406.08
NORESTE,DIV MONTERREY,4210,150 SAN NICOLAS DE LOS GARZA,RT017,200000017,Frutería Santa Fe 37,fully,87 %,$3412.74
NORESTE,DIV MONTERREY,4210,150 SAN NICOLAS DE LOS GARZA,RT009,200000293,Mercadito El Encanto 9,hibrido,56 %,$3424.82
NORESTE,DIV MONTERREY,4210,150 SAN NICOLAS DE LOS GARZA,RT006,200000651,Depósito El Progreso 66,fully,82 %,$3505.33
NORESTE,DIV MONTERREY,4210,150 SAN NICOLAS DE LOS GARZA,RT021,200000125,Super La Esperanza 67,fully,100 %,$3505.41
NORESTE,DIV MONTERREY,4210,150 SAN NICOLAS DE LOS GARZA,RT019,200000028,Abarrotes Las Flores 80,fully,95 %,$3527.7
NORESTE,DIV MONTERREY,4210,150 SAN NICOLAS DE LOS GARZA,RT018,200000340,Abarrotes Buena Vista 8,fully,71 %,$3528.73
NORESTE,DIV MONTERREY,4210,150 SAN NICOLAS DE LOS GARZA,RT004,200001757,Depósito Los Pinos 34,fully,76 %,$3558.11
NORESTE,DIV MONTERREY,4210,150 SAN NICOLAS DE LOS GARZA,RT018,200001105,Minisuper El Roble 90,fully,83 %,$3560.440000000001
NORESTE,DIV MONTERREY,4210,150 SAN NICOLAS DE LOS GARZA,RT001,200001448,Super Los Alamos 15,hibrido,30 %,$3590.3
NORESTE,DIV MONTERREY,4210,150 SAN NICOLAS DE LOS GARZA,RT003,200000708,Depósito La Unión 92,fully,99 %,$3618.7
NORESTE,DIV MONTERREY,4210,150 SAN NICOLAS DE LOS GARZA,RT012,200000717,Mini Market El Trebol 87,fully,97 %,$3621.05
NORESTE,DIV MONTERREY,4210,150 SAN NICOLAS DE LOS GARZA,RT017,200001897,Comercial La Esperanza 12,fully,100 %,$3663.76
NORESTE,DIV MONTERREY,4210,150 SAN NICOLAS DE LOS GARZA,RT006,200001256,Mercadito San José 19,fully,100 %,$3682.37
NORESTE,DIV MONTERREY,4210,150 SAN NICOLAS DE LOS GARZA,RT006,200001671,Bodega Las Flores 61,fully,100 %,$3692.27
NORESTE,DIV MONTERREY,4210,150 SAN NICOLAS DE LOS GARZA,RT010,200000403,Frutería El Mirador 56,hibrido,57 %,$3711.15
NORESTE,DIV MONTERREY,4210,150 SAN NICOLAS DE LOS GARZA,RT006,200002039,Mini Market Los Alamos 89,fully,78 %,$3715.14
NORESTE,DIV MONTERREY,4210,150 SAN NICOLAS DE LOS GARZA,RT016,200001512,Tienda San José 33,fully,96 %,$3727.92
NORESTE,DIV MONTERREY,4210,150 SAN NICOLAS DE LOS GARZA,RT015,200000531,Minisuper Santa Cruz 42,fully,73 %,$3736.36
NORESTE,DIV MONTERREY,4210,150 SAN NICOLAS DE LOS GARZA,RT001,200000785,Bodega Santa Cruz 36,hibrido,12 %,$3745.26
NORESTE,DIV MONTERREY,4210,150 SAN NICOLAS DE LOS GARZA,RT004,200000961,Bodega La Victoria 13,hibrido,49 %,$3759.37
NORESTE,DIV MONTERREY,4210,150 SAN NICOLAS DE LOS GARZA,RT005,200000941,Mercadito El Sol 75,hibrido,25 %,$3771.83
NORESTE,DIV MONTERREY,4210,150 SAN NICOLAS DE LOS GARZA,RT010,200001484,Abarrotes El Progreso 62,hibrido,28 %,$3832.72
NORESTE,DIV MONTERREY,4210,150 SAN NICOLAS DE LOS GARZA,RT017,200000216,Bodega El Encanto 96,fully,100 %,$3837.55
NORESTE,DIV MONTERREY,4210,150 SAN NICOLAS DE LOS GARZA,RT010,200000846,Mini Market El Encanto 17,fully,100 %,$3846.33
NORESTE,DIV MONTERREY,4210,150 SAN NICOLAS DE LOS GARZA,RT018,200001359,Tienda La Esperanza 72,hibrido,44 %,$3850.05
NORESTE,DIV MONTERREY,4210,150 SAN NICOLAS DE LOS GARZA,RT017,200000126,Mini Market La Fortuna 18,fully,100 %,$3855.66
NORESTE,DIV MONTERREY,4210,150 SAN NICOLAS DE LOS GARZA,RT012,200000076,Mini Market Del Valle 49,hibrido,63 %,$3868.84
NORESTE,DIV MONTERREY,4210,150 SAN NICOLAS DE LOS GARZA,RT018,200000394,Depósito El Sol 99,fully,100 %,$3978.72
NORESTE,DIV MONTERREY,4210,150 SAN NICOLAS DE LOS GARZA,RT016,200000735,Depósito El Encanto 68,fully,95 %,$4001.96
NORESTE,DIV MONTERREY,4210,150 SAN NICOLAS DE LOS GARZA,RT021,200001449,Super Las Flores 5,hibrido,14 %,$4004.57
NORESTE,DIV MONTERREY,4210,150 SAN NICOLAS DE LOS GARZA,RT017,200000302,Mini Market San José 68,fully,100 %,$4009.71
NORESTE,DIV MONTERREY,4210,150 SAN NICOLAS DE LOS GARZA,RT021,200000141,Abarrotes El Trebol 6,fully,100 %,$4021.29
NORESTE,DIV MONTERREY,4210,150 SAN NICOLAS DE LOS GARZA,RT016,200000022,Depósito El Trebol 21,fully,92 %,$4030.44
NORESTE,DIV MONTERREY,4210,150 SAN NICOLAS DE LOS GARZA,RT020,200001461,Frutería Los Pinos 72,hibrido,47 %,$4051.44
NORESTE,DIV MONTERREY,4210,150 SAN NICOLAS DE LOS GARZA,RT012,200000418,Super San José 90,fully,74 %,$4065.29
NORESTE,DIV MONTERREY,4210,150 SAN NICOLAS DE LOS GARZA,RT010,200000845,Minisuper La Fortuna 31,hibrido,53 %,$4083.05
NORESTE,DIV MONTERREY,4210,150 SAN NICOLAS DE LOS GARZA,RT014,200001297,Abarrotes Los Pinos 19,hibrido,33 %,$4090.07
NORESTE,DIV MONTERREY,4210,150 SAN NICOLAS DE LOS GARZA,RT010,200000170,Mini Market Buena Vista 47,hibrido,63 %,$4182.07
NORESTE,DIV MONTERREY,4210,150 SAN NICOLAS DE LOS GARZA,RT014,200000751,Abarrotes Los Pinos 47,hibrido,64 %,$4190.02
NORESTE,DIV MONTERREY,4210,150 SAN NICOLAS DE LOS GARZA,RT016,200001447,Bodega La Unión 54,hibrido,32 %,$4190.45
NORESTE,DIV MONTERREY,4210,150 SAN NICOLAS DE LOS GARZA,RT017,200001836,Depósito Buena Vista 28,fully,100 %,$4199.82
NORESTE,DIV MONTERREY,4210,150 SAN NICOLAS DE LOS GARZA,RT006,200001821,Minisuper Las Flores 22,fully,100 %,$4208.96
NORESTE,DIV MONTERREY,4210,150 SAN NICOLAS DE LOS GARZA,RT012,200001767,Frutería Del Valle 8,fully,90 %,$4227.55
NORESTE,DIV MONTERREY,4210,150 SAN NICOLAS DE LOS GARZA,RT006,200001189,Frutería El Trebol 79,fully,100 %,$4240.86
NORESTE,DIV MONTERREY,4210,150 SAN NICOLAS DE LOS GARZA,RT012,200000443,Mini Market La Unión 75,fully,80 %,$4246.77
NORESTE,DIV MONTERREY,4210,150 SAN NICOLAS DE LOS GARZA,RT010,200000451,Abarrotes Las Flores 20,hibrido,40 %,$4275.83
NORESTE,DIV MONTERREY,4210,150 SAN NICOLAS DE LOS GARZA,RT017,200000160,Comercial La Perla 6,fully,73 %,$4280.09
NORESTE,DIV MONTERREY,4210,150 SAN NICOLAS DE LOS GARZA,RT017,200001228,Minisuper Las Flores 33,fully,97 %,$4328.719999999999
NORESTE,DIV MONTERREY,4210,150 SAN NICOLAS DE LOS GARZA,RT003,200001700,Super Santa Cruz 15,fully,74 %,$4340.15
NORESTE,DIV MONTERREY,4210,150 SAN NICOLAS DE LOS GARZA,RT004,200001014,Bodega Santa Fe 17,hibrido,55 %,$4467.15
NORESTE,DIV MONTERREY,4210,150 SAN NICOLAS DE LOS GARZA,RT011,200000217,Comercial Buena Vista 74,hibrido,56 %,$4473.08
NORESTE,DIV MONTERREY,4210,150 SAN NICOLAS DE LOS GARZA,RT021,200001312,Mini Market El Encanto 42,fully,83 %,$4476.57
NORESTE,DIV MONTERREY,4210,150 SAN NICOLAS DE LOS GARZA,RT018,200000976,Mini Market Santa Fe 45,fully,100 %,$4487.49
NORESTE,DIV MONTERREY,4210,150 SAN NICOLAS DE LOS GARZA,RT017,200001614,Super El Sol 4,fully,100 %,$4498.79
NORESTE,DIV MONTERREY,4210,150 SAN NICOLAS DE LOS GARZA,RT006,200001749,Bodega Buena Vista 48,fully,100 %,$4502.54
NORESTE,DIV MONTERREY,4210,150 SAN NICOLAS DE LOS GARZA,RT012,200001457,Bodega San José 35,hibrido,64 %,$4517.349999999999
NORESTE,DIV MONTERREY,4210,150 SAN NICOLAS DE LOS GARZA,RT018,200001660,Depósito Del Norte 47,fully,100 %,$4521.48
NORESTE,DIV MONTERREY,4210,150 SAN NICOLAS DE LOS GARZA,RT018,200001089,Comercial La Unión 6,fully,100 %,$4551.5
NORESTE,DIV MONTERREY,4210,150 SAN NICOLAS DE LOS GARZA,RT004,200001022,Abarrotes Buena Vista 51,hibrido,64 %,$4554.17
NORESTE,DIV MONTERREY,4210,150 SAN NICOLAS DE LOS GARZA,RT015,200000029,Minisuper La Fortuna 32,fully,80 %,$4562.610000000001
NORESTE,DIV MONTERREY,4210,150 SAN NICOLAS DE LOS GARZA,RT016,200001501,Super El Roble 6,fully,100 %,$4676.33
NORESTE,DIV MONTERREY,4210,150 SAN NICOLAS DE LOS GARZA,RT015,200000819,Mini Market El Mirador 64,fully,100 %,$4701.03
NORESTE,DIV MONTERREY,4210,150 SAN NICOLAS DE LOS GARZA,RT003,200001284,Frutería El Mirador 48,hibrido,47 %,$4734.44
NORESTE,DIV MONTERREY,4210,150 SAN NICOLAS DE LOS GARZA,RT021,200000928,Mini Market El Encanto 10,fully,100 %,$4763.4
NORESTE,DIV MONTERREY,4210,150 SAN NICOLAS DE LOS GARZA,RT017,200001239,Minisuper El Progreso 75,fully,100 %,$4827.77
NORESTE,DIV MONTERREY,4210,150 SAN NICOLAS DE LOS GARZA,RT018,200001298,Comercial San José 18,hibrido,68 %,$4878.76
NORESTE,DIV MONTERREY,4210,150 SAN NICOLAS DE LOS GARZA,RT006,200001634,Comercial La Victoria 4,hibrido,54 %,$4886.51
NORESTE,DIV MONTERREY,4210,150 SAN NICOLAS DE LOS GARZA,RT005,200000484,Mini Market La Perla 34,hibrido,32 %,$4911.809999999999
NORESTE,DIV MONTERREY,4210,150 SAN NICOLAS DE LOS GARZA,RT018,200001192,Minisuper Los Alamos 75,fully,100 %,$4921.559999999999
NORESTE,DIV MONTERREY,4210,150 SAN NICOLAS DE LOS GARZA,RT012,200001638,Bodega El Encanto 46,hibrido,44 %,$4928.22
NORESTE,DIV MONTERREY,4210,150 SAN NICOLAS DE LOS GARZA,RT002,200000536,Depósito Santa Fe 41,hibrido,67 %,$4938.74
NORESTE,DIV MONTERREY,4210,150 SAN NICOLAS DE LOS GARZA,RT002,200000989,Comercial Santa Fe 93,fully,85 %,$4963.12
NORESTE,DIV MONTERREY,4210,150 SAN NICOLAS DE LOS GARZA,RT016,200000652,Minisuper La Fortuna 35,fully,100 %,$4967.17
NORESTE,DIV MONTERREY,4210,150 SAN NICOLAS DE LOS GARZA,RT020,200000025,Mini Market Los Alamos 24,fully,98 %,$5029.26
NORESTE,DIV MONTERREY,4210,150 SAN NICOLAS DE LOS GARZA,RT021,200000730,Bodega San José 82,hibrido,58 %,$5125.86
NORESTE,DIV MONTERREY,4210,150 SAN NICOLAS DE LOS GARZA,RT017,200000215,Super San José 41,hibrido,68 %,$5137.67
NORESTE,DIV MONTERREY,4210,150 SAN NICOLAS DE LOS GARZA,RT017,200000570,Abarrotes Las Flores 45,hibrido,49 %,$5137.98
NORESTE,DIV MONTERREY,4210,150 SAN NICOLAS DE LOS GARZA,RT015,200001233,Comercial La Esperanza 11,fully,100 %,$5178.68
NORESTE,DIV MONTERREY,4210,150 SAN NICOLAS DE LOS GARZA,RT022,200000929,Bodega Buena Vista 13,hibrido,20 %,$5207.08
NORESTE,DIV MONTERREY,4210,150 SAN NICOLAS DE LOS GARZA,RT018,200001335,Depósito El Sol 91,fully,84 %,$5256.02
NORESTE,DIV MONTERREY,4210,150 SAN NICOLAS DE LOS GARZA,RT006,200001111,Tienda La Victoria 90,fully,100 %,$5280.06
NORESTE,DIV MONTERREY,4210,150 SAN NICOLAS DE LOS GARZA,RT012,200000588,Depósito El Sol 55,fully,100 %,$5333.47
NORESTE,DIV MONTERREY,4210,150 SAN NICOLAS DE LOS GARZA,RT018,200001003,Super El Trebol 62,fully,72 %,$5350.41
NORESTE,DIV MONTERREY,4210,150 SAN NICOLAS DE LOS GARZA,RT001,200000142,Mini Market Santa Cruz 99,hibrido,15 %,$5354.2
NORESTE,DIV MONTERREY,4210,150 SAN NICOLAS DE LOS GARZA,RT012,200000409,Tienda Del Norte 65,hibrido,68 %,$5394.63
NORESTE,DIV MONTERREY,4210,150 SAN NICOLAS DE LOS GARZA,RT021,200000375,Mini Market El Mirador 76,hibrido,39 %,$5478.85
NORESTE,DIV MONTERREY,4210,150 SAN NICOLAS DE LOS GARZA,RT022,200000602,Mercadito La Esperanza 29,hibrido,20 %,$5497.450000000001
NORESTE,DIV MONTERREY,4210,150 SAN NICOLAS DE LOS GARZA,RT020,200001986,Comercial El Sol 57,hibrido,47 %,$5526.79
NORESTE,DIV MONTERREY,4210,150 SAN NICOLAS DE LOS GARZA,RT017,200001549,Frutería Santa Fe 22,fully,100 %,$5553.059999999999
NORESTE,DIV MONTERREY,4210,150 SAN NICOLAS DE LOS GARZA,RT010,200002014,Frutería La Fortuna 79,hibrido,69 %,$5573.61
NORESTE,DIV MONTERREY,4210,150 SAN NICOLAS DE LOS GARZA,RT008,200000085,Mini Market El Progreso 87,fully,75 %,$5683.84
NORESTE,DIV MONTERREY,4210,150 SAN NICOLAS DE LOS GARZA,RT014,200000952,Minisuper El Trebol 16,fully,83 %,$5704.43
NORESTE,DIV MONTERREY,4210,150 SAN NICOLAS DE LOS GARZA,RT016,200001965,Abarrotes La Fortuna 94,fully,100 %,$5795.35
NORESTE,DIV MONTERREY,4210,150 SAN NICOLAS DE LOS GARZA,RT006,200001390,Frutería Santa Cruz 70,fully,100 %,$5827.87
NORESTE,DIV MONTERREY,4210,150 SAN NICOLAS DE LOS GARZA,RT015,200001023,Depósito El Roble 22,hibrido,50 %,$5869.91
NORESTE,DIV MONTERREY,4210,150 SAN NICOLAS DE LOS GARZA,RT014,200000623,Mini Market El Roble 11,fully,90 %,$5874.67
NORESTE,DIV MONTERREY,4210,150 SAN NICOLAS DE LOS GARZA,RT005,200001970,Minisuper Del Valle 5,hibrido,49 %,$5884.35
NORESTE,DIV MONTERREY,4210,150 SAN NICOLAS DE LOS GARZA,RT016,200000615,Minisuper El Sol 7,hibrido,45 %,$6232.71
NORESTE,DIV MONTERREY,4210,150 SAN NICOLAS DE LOS GARZA,RT001,200000902,Abarrotes El Roble 50,hibrido,28 %,$6233.37
NORESTE,DIV MONTERREY,4210,150 SAN NICOLAS DE LOS GARZA,RT012,200002006,Comercial La Fortuna 38,hibrido,55 %,$6335.26
NORESTE,DIV MONTERREY,4210,150 SAN NICOLAS DE LOS GARZA,RT022,200000597,Tienda La Victoria 86,fully,78 %,$6359.23
NORESTE,DIV MONTERREY,4210,150 SAN NICOLAS DE LOS GARZA,RT011,200001037,Minisuper La Esperanza 8,fully,100 %,$6371.76
NORESTE,DIV MONTERREY,4210,150 SAN NICOLAS DE LOS GARZA,RT005,200000843,Super San José 32,hibrido,23 %,$6381.61
NORESTE,DIV MONTERREY,4210,150 SAN NICOLAS DE LOS GARZA,RT012,200001098,Frutería El Trebol 15,fully,100 %,$6458.7
NORESTE,DIV MONTERREY,4210,150 SAN NICOLAS DE LOS GARZA,RT010,200000494,Mini Market La Unión 82,fully,100 %,$6521.73
NORESTE,DIV MONTERREY,4210,150 SAN NICOLAS DE LOS GARZA,RT017,200001710,Mercadito El Mirador 26,fully,100 %,$6614.66
NORESTE,DIV MONTERREY,4210,150 SAN NICOLAS DE LOS GARZA,RT021,200000969,Mercadito San José 44,fully,100 %,$6622.18
NORESTE,DIV MONTERREY,4210,150 SAN NICOLAS DE LOS GARZA,RT017,200000535,Bodega Santa Fe 19,hibrido,64 %,$6706.75
NORESTE,DIV MONTERREY,4210,150 SAN NICOLAS DE LOS GARZA,RT017,200000714,Super La Victoria 49,fully,83 %,$6828.43
NORESTE,DIV MONTERREY,4210,150 SAN NICOLAS DE LOS GARZA,RT016,200000684,Mercadito El Mirador 39,fully,95 %,$7079.5
NORESTE,DIV MONTERREY,4210,150 SAN NICOLAS DE LOS GARZA,RT010,200000139,Mercadito Los Alamos 50,hibrido,65 %,$7254.320000000001
NORESTE,DIV MONTERREY,4210,150 SAN NICOLAS DE LOS GARZA,RT016,200001053,Mercadito Los Alamos 50,fully,100 %,$7294.43
NORESTE,DIV MONTERREY,4210,150 SAN NICOLAS DE LOS GARZA,RT012,200000283,Mini Market San José 4,hibrido,67 %,$7456.49
NORESTE,DIV MONTERREY,4210,150 SAN NICOLAS DE LOS GARZA,RT020,200001093,Mercadito Los Pinos 8,hibrido,67 %,$7594.68
NORESTE,DIV MONTERREY,4210,150 SAN NICOLAS DE LOS GARZA,RT012,200000524,Bodega San José 91,hibrido,14 %,$7641.46
NORESTE,DIV MONTERREY,4210,150 SAN NICOLAS DE LOS GARZA,RT005,200001983,Minisuper El Encanto 63,hibrido,36 %,$7784.53
NORESTE,DIV MONTERREY,4210,150 SAN NICOLAS DE LOS GARZA,RT020,200001330,Mercadito San José 98,hibrido,29 %,$8185.599999999999
NORESTE,DIV MONTERREY,4210,150 SAN NICOLAS DE LOS GARZA,RT020,200000024,Bodega El Progreso 29,fully,100 %,$8192.18
NORESTE,DIV MONTERREY,4210,150 SAN NICOLAS DE LOS GARZA,RT004,200000355,Super El Mirador 70,hibrido,42 %,$8200.38
NORESTE,DIV MONTERREY,4210,150 SAN NICOLAS DE LOS GARZA,RT017,200001317,Mercadito Los Alamos 56,fully,100 %,$8242.76
NORESTE,DIV MONTERREY,4210,150 SAN NICOLAS DE LOS GARZA,RT002,200000103,Abarrotes La Fortuna 62,hibrido,40 %,$8302.35
NORESTE,DIV MONTERREY,4210,150 SAN NICOLAS DE LOS GARZA,RT017,200001573,Minisuper La Fortuna 17,fully,100 %,$8347.14
NORESTE,DIV MONTERREY,4210,150 SAN NICOLAS DE LOS GARZA,RT010,200001606,Bodega Los Pinos 76,fully,80 %,$8374.439999999999
NORESTE,DIV MONTERREY,4210,150 SAN NICOLAS DE LOS GARZA,RT017,200000481,Depósito La Esperanza 33,fully,100 %,$8488.09
NORESTE,DIV MONTERREY,4210,150 SAN NICOLAS DE LOS GARZA,RT016,200001861,Tienda El Roble 76,fully,77 %,$8543.65
NORESTE,DIV MONTERREY,4210,150 SAN NICOLAS DE LOS GARZA,RT012,200001760,Frutería Del Norte 89,hibrido,59 %,$8768.26
NORESTE,DIV MONTERREY,4210,150 SAN NICOLAS DE LOS GARZA,RT021,200000320,Minisuper El Sol 94,fully,93 %,$8774.66
NORESTE,DIV MONTERREY,4210,150 SAN NICOLAS DE LOS GARZA,RT020,200000560,Depósito El Sol 72,fully,93 %,$8980.49
NORESTE,DIV MONTERREY,4210,150 SAN NICOLAS DE LOS GARZA,RT012,200000564,Tienda La Victoria 12,fully,100 %,$8981.16
NORESTE,DIV MONTERREY,4210,150 SAN NICOLAS DE LOS GARZA,RT021,200001714,Minisuper El Encanto 43,hibrido,28 %,$9080.94
NORESTE,DIV MONTERREY,4210,150 SAN NICOLAS DE LOS GARZA,RT018,200000253,Depósito La Victoria 29,fully,100 %,$9098.42
NORESTE,DIV MONTERREY,4210,150 SAN NICOLAS DE LOS GARZA,RT012,200000133,Abarrotes Del Norte 59,fully,91 %,$9235.72
NORESTE,DIV MONTERREY,4210,150 SAN NICOLAS DE LOS GARZA,RT020,200000356,Mercadito La Fortuna 21,fully,100 %,$9430.87
NORESTE,DIV MONTERREY,4210,150 SAN NICOLAS DE LOS GARZA,RT005,200000827,Frutería Santa Fe 14,hibrido,66 %,$9842.18
NORESTE,DIV MONTERREY,4210,150 SAN NICOLAS DE LOS GARZA,RT020,200000264,Comercial Del Norte 77,fully,100 %,$9911.16
NORESTE,DIV MONTERREY,4210,150 SAN NICOLAS DE LOS GARZA,RT020,200000065,Tienda El Trebol 91,fully,100 %,$9979.85
NORESTE,DIV MONTERREY,4210,150 SAN NICOLAS DE LOS GARZA,RT007,200001659,Tienda Del Valle 28,hibrido,45 %,$10099.84
NORESTE,DIV MONTERREY,4210,150 SAN NICOLAS DE LOS GARZA,RT020,200001120,Super Los Pinos 82,hibrido,64 %,$10431.87
NORESTE,DIV MONTERREY,4210,150 SAN NICOLAS DE LOS GARZA,RT022,200000786,Tienda Las Flores 24,hibrido,25 %,$10463.87
NORESTE,DIV MONTERREY,4210,150 SAN NICOLAS DE LOS GARZA,RT005,200000506,Bodega Del Norte 75,hibrido,47 %,$10505.29
NORESTE,DIV MONTERREY,4210,150 SAN NICOLAS DE LOS GARZA,RT010,200001083,Abarrotes La Perla 75,fully,86 %,$10937.02
NORESTE,DIV MONTERREY,4210,150 SAN NICOLAS DE LOS GARZA,RT020,200000073,Depósito Los Alamos 62,fully,81 %,$11511.23
NORESTE,DIV MONTERREY,4210,150 SAN NICOLAS DE LOS GARZA,RT013,200001421,Minisuper El Trebol 10,hibrido,34 %,$11621.31
NORESTE,DIV MONTERREY,4210,150 SAN NICOLAS DE LOS GARZA,RT017,200001028,Abarrotes La Perla 84,fully,100 %,$11660.45
NORESTE,DIV MONTERREY,4210,150 SAN NICOLAS DE LOS GARZA,RT020,200000689,Minisuper La Fortuna 68,fully,100 %,$11832.89
NORESTE,DIV MONTERREY,4210,150 SAN NICOLAS DE LOS GARZA,RT010,200001307,Bodega El Trebol 72,fully,85 %,$11913.37
NORESTE,DIV MONTERREY,4210,150 SAN NICOLAS DE LOS GARZA,RT016,200001055,Minisuper El Encanto 92,hibrido,61 %,$12012.71
NORESTE,DIV MONTERREY,4210,150 SAN NICOLAS DE LOS GARZA,RT012,200000279,Super Los Alamos 79,fully,87 %,$12401.55
NORESTE,DIV MONTERREY,4210,150 SAN NICOLAS DE LOS GARZA,RT020,200001064,Minisuper El Encanto 95,fully,100 %,$13418.75
NORESTE,DIV MONTERREY,4210,150 SAN NICOLAS DE LOS GARZA,RT020,200000848,Minisuper La Victoria 77,fully,100 %,$14405.76
NORESTE,DIV MONTERREY,4210,150 SAN NICOLAS DE LOS GARZA,RT010,200000550,Tienda El Roble 12,hibrido,53 %,$14668.36
NORESTE,DIV MONTERREY,4210,150 SAN NICOLAS DE LOS GARZA,RT011,200000086,Mercadito El Mirador 96,hibrido,38 %,$15829.98
NORESTE,DIV MONTERREY,4210,150 SAN NICOLAS DE LOS GARZA,RT010,200000392,Frutería La Esperanza 57,fully,96 %,$16442.87
NORESTE,DIV MONTERREY,4210,150 SAN NICOLAS DE LOS GARZA,RT010,200000412,Bodega Santa Fe 39,hibrido,51 %,$18433.19
NORESTE,DIV MONTERREY,4210,150 SAN NICOLAS DE LOS GARZA,RT017,200000829,Abarrotes La Fortuna 91,fully,89 %,$18833.54
NORESTE,DIV MONTERREY,4210,150 SAN NICOLAS DE LOS GARZA,RT010,200001049,Mini Market Santa Fe 79,hibrido,54 %,$19701.9
NORESTE,DIV MONTERREY,4210,150 SAN NICOLAS DE LOS GARZA,RT020,200000568,Frutería Santa Fe 21,fully,100 %,$21260.12
NORESTE,DIV MONTERREY,4210,150 SAN NICOLAS DE LOS GARZA,RT013,200001454,Super La Unión 67,hibrido,67 %,$21674.89
NORESTE,DIV MONTERREY,4210,150 SAN NICOLAS DE LOS GARZA,RT010,200001420,Comercial Los Alamos 87,fully,80 %,$23453.5
NORESTE,DIV MONTERREY,4210,150 SAN NICOLAS DE LOS GARZA,RT021,200001398,Super Los Pinos 68,fully,71 %,$28995.37
NORESTE,DIV MONTERREY,4210,150 SAN NICOLAS DE LOS GARZA,RT022,200000605,Abarrotes El Encanto 36,hibrido,60 %,$35705.84
